graph_id,run,k,2core_flag,runtime_ms,cycles,paths
0,0,3,false,0.0268004, 2,6000| 24072
0,1,3,false,0.0235126, 2,6000| 24072
0,2,3,false,0.0229754, 2,6000| 24072
0,3,3,false,0.0230763, 2,6000| 24072
0,4,3,false,0.023114, 2,6000| 24072
0,5,3,false,0.0229595, 2,6000| 24072
0,6,3,false,0.023036, 2,6000| 24072
0,7,3,false,0.0231099, 2,6000| 24072
0,8,3,false,0.0230525, 2,6000| 24072
0,9,3,false,0.0228815, 2,6000| 24072
1,0,3,false,0.0242119, 5,6000| 24034
1,1,3,false,0.0232337, 5,6000| 24034
1,2,3,false,0.0230532, 5,6000| 24034
1,3,3,false,0.0229807, 5,6000| 24034
1,4,3,false,0.0229642, 5,6000| 24034
1,5,3,false,0.0230603, 5,6000| 24034
1,6,3,false,0.0230646, 5,6000| 24034
1,7,3,false,0.0230441, 5,6000| 24034
1,8,3,false,0.0231738, 5,6000| 24034
1,9,3,false,0.0230539, 5,6000| 24034
2,0,3,false,0.0240998, 5,6000| 24168
2,1,3,false,0.0232408, 5,6000| 24168
2,2,3,false,0.0230496, 5,6000| 24168
2,3,3,false,0.0232949, 5,6000| 24168
2,4,3,false,0.023073, 5,6000| 24168
2,5,3,false,0.0231743, 5,6000| 24168
2,6,3,false,0.0232785, 5,6000| 24168
2,7,3,false,0.0231969, 5,6000| 24168
2,8,3,false,0.023047, 5,6000| 24168
2,9,3,false,0.0230882, 5,6000| 24168
3,0,3,false,0.0241721, 7,6000| 24170
3,1,3,false,0.0233259, 7,6000| 24170
3,2,3,false,0.0230522, 7,6000| 24170
3,3,3,false,0.0230992, 7,6000| 24170
3,4,3,false,0.023093, 7,6000| 24170
3,5,3,false,0.0233233, 7,6000| 24170
3,6,3,false,0.0230091, 7,6000| 24170
3,7,3,false,0.023093, 7,6000| 24170
3,8,3,false,0.023159, 7,6000| 24170
3,9,3,false,0.0230474, 7,6000| 24170
4,0,3,false,0.0241625, 4,6000| 24020
4,1,3,false,0.0233252, 4,6000| 24020
4,2,3,false,0.0229304, 4,6000| 24020
4,3,3,false,0.022795, 4,6000| 24020
4,4,3,false,0.0227282, 4,6000| 24020
4,5,3,false,0.0227082, 4,6000| 24020
4,6,3,false,0.0227697, 4,6000| 24020
4,7,3,false,0.0226808, 4,6000| 24020
4,8,3,false,0.022898, 4,6000| 24020
4,9,3,false,0.0229383, 4,6000| 24020
5,0,3,false,0.0241082, 7,6000| 23870
5,1,3,false,0.0229912, 7,6000| 23870
5,2,3,false,0.0227635, 7,6000| 23870
5,3,3,false,0.0235066, 7,6000| 23870
5,4,3,false,0.023412, 7,6000| 23870
5,5,3,false,0.0228176, 7,6000| 23870
5,6,3,false,0.0227644, 7,6000| 23870
5,7,3,false,0.0225368, 7,6000| 23870
5,8,3,false,0.0227592, 7,6000| 23870
5,9,3,false,0.0226765, 7,6000| 23870
6,0,3,false,0.0238965, 5,6000| 23934
6,1,3,false,0.0229726, 5,6000| 23934
6,2,3,false,0.0226943, 5,6000| 23934
6,3,3,false,0.0226667, 5,6000| 23934
6,4,3,false,0.0229912, 5,6000| 23934
6,5,3,false,0.0229971, 5,6000| 23934
6,6,3,false,0.0229571, 5,6000| 23934
6,7,3,false,0.0229313, 5,6000| 23934
6,8,3,false,0.023037, 5,6000| 23934
6,9,3,false,0.0233278, 5,6000| 23934
7,0,3,false,0.0245438, 6,6000| 23818
7,1,3,false,0.023427, 6,6000| 23818
7,2,3,false,0.0229475, 6,6000| 23818
7,3,3,false,0.0229673, 6,6000| 23818
7,4,3,false,0.0230131, 6,6000| 23818
7,5,3,false,0.0230954, 6,6000| 23818
7,6,3,false,0.0229528, 6,6000| 23818
7,7,3,false,0.0230603, 6,6000| 23818
7,8,3,false,0.0234087, 6,6000| 23818
7,9,3,false,0.0229561, 6,6000| 23818
8,0,3,false,0.024363, 6,6000| 24128
8,1,3,false,0.0232241, 6,6000| 24128
8,2,3,false,0.0230114, 6,6000| 24128
8,3,3,false,0.0230081, 6,6000| 24128
8,4,3,false,0.0229566, 6,6000| 24128
8,5,3,false,0.0230088, 6,6000| 24128
8,6,3,false,0.0229793, 6,6000| 24128
8,7,3,false,0.0229814, 6,6000| 24128
8,8,3,false,0.0230045, 6,6000| 24128
8,9,3,false,0.0229914, 6,6000| 24128
9,0,3,false,0.0241079, 5,6000| 23992
9,1,3,false,0.0230618, 5,6000| 23992
9,2,3,false,0.0229428, 5,6000| 23992
9,3,3,false,0.0228438, 5,6000| 23992
9,4,3,false,0.0229461, 5,6000| 23992
9,5,3,false,0.0229888, 5,6000| 23992
9,6,3,false,0.0229743, 5,6000| 23992
9,7,3,false,0.0231385, 5,6000| 23992
9,8,3,false,0.0229435, 5,6000| 23992
9,9,3,false,0.0230544, 5,6000| 23992
10,0,3,false,0.0101383, 32,2834| 8500
10,1,3,false,0.00932217, 32,2834| 8500
10,2,3,false,0.00908995, 32,2834| 8500
10,3,3,false,0.00919771, 32,2834| 8500
10,4,3,false,0.00909328, 32,2834| 8500
10,5,3,false,0.00919342, 32,2834| 8500
10,6,3,false,0.00916767, 32,2834| 8500
10,7,3,false,0.00906587, 32,2834| 8500
10,8,3,false,0.00911713, 32,2834| 8500
10,9,3,false,0.00918102, 32,2834| 8500
11,0,3,false,0.115131, 651,13188| 51054
11,1,3,false,0.115727, 651,13188| 51054
11,2,3,false,0.112865, 651,13188| 51054
11,3,3,false,0.115952, 651,13188| 51054
11,4,3,false,0.115726, 651,13188| 51054
11,5,3,false,0.11596, 651,13188| 51054
11,6,3,false,0.115314, 651,13188| 51054
11,7,3,false,0.116118, 651,13188| 51054
11,8,3,false,0.115692, 651,13188| 51054
11,9,3,false,0.112464, 651,13188| 51054
0,0,3,true,0.0217607, 2,5286| 21220
0,1,3,true,0.0215514, 2,5286| 21220
0,2,3,true,0.0214696, 2,5286| 21220
0,3,3,true,0.021446, 2,5286| 21220
0,4,3,true,0.0216005, 2,5286| 21220
0,5,3,true,0.0215421, 2,5286| 21220
0,6,3,true,0.0215595, 2,5286| 21220
0,7,3,true,0.0214665, 2,5286| 21220
0,8,3,true,0.0215688, 2,5286| 21220
0,9,3,true,0.0214722, 2,5286| 21220
1,0,3,true,0.0214658, 5,5300| 21148
1,1,3,true,0.0214334, 5,5300| 21148
1,2,3,true,0.0214467, 5,5300| 21148
1,3,3,true,0.0215027, 5,5300| 21148
1,4,3,true,0.0213561, 5,5300| 21148
1,5,3,true,0.0214596, 5,5300| 21148
1,6,3,true,0.0215261, 5,5300| 21148
1,7,3,true,0.0214763, 5,5300| 21148
1,8,3,true,0.0224857, 5,5300| 21148
1,9,3,true,0.0214217, 5,5300| 21148
2,0,3,true,0.0215099, 5,5258| 21228
2,1,3,true,0.0215595, 5,5258| 21228
2,2,3,true,0.0215683, 5,5258| 21228
2,3,3,true,0.0215175, 5,5258| 21228
2,4,3,true,0.0216212, 5,5258| 21228
2,5,3,true,0.0213733, 5,5258| 21228
2,6,3,true,0.0215044, 5,5258| 21228
2,7,3,true,0.0215201, 5,5258| 21228
2,8,3,true,0.0214689, 5,5258| 21228
2,9,3,true,0.021549, 5,5258| 21228
3,0,3,true,0.0214744, 7,5286| 21378
3,1,3,true,0.0213578, 7,5286| 21378
3,2,3,true,0.0214722, 7,5286| 21378
3,3,3,true,0.0213964, 7,5286| 21378
3,4,3,true,0.0214431, 7,5286| 21378
3,5,3,true,0.0213485, 7,5286| 21378
3,6,3,true,0.0215237, 7,5286| 21378
3,7,3,true,0.0211573, 7,5286| 21378
3,8,3,true,0.0212376, 7,5286| 21378
3,9,3,true,0.0211585, 7,5286| 21378
4,0,3,true,0.0211756, 4,5320| 21202
4,1,3,true,0.0211957, 4,5320| 21202
4,2,3,true,0.0211785, 4,5320| 21202
4,3,3,true,0.0212154, 4,5320| 21202
4,4,3,true,0.0218272, 4,5320| 21202
4,5,3,true,0.0215127, 4,5320| 21202
4,6,3,true,0.0214686, 4,5320| 21202
4,7,3,true,0.0214784, 4,5320| 21202
4,8,3,true,0.0215244, 4,5320| 21202
4,9,3,true,0.0214295, 4,5320| 21202
5,0,3,true,0.0214424, 7,5340| 21154
5,1,3,true,0.0214503, 7,5340| 21154
5,2,3,true,0.0213509, 7,5340| 21154
5,3,3,true,0.0214982, 7,5340| 21154
5,4,3,true,0.0214307, 7,5340| 21154
5,5,3,true,0.021404, 7,5340| 21154
5,6,3,true,0.021291, 7,5340| 21154
5,7,3,true,0.0214467, 7,5340| 21154
5,8,3,true,0.0213332, 7,5340| 21154
5,9,3,true,0.0212359, 7,5340| 21154
6,0,3,true,0.0217776, 5,5338| 21338
6,1,3,true,0.0217369, 5,5338| 21338
6,2,3,true,0.0215499, 5,5338| 21338
6,3,3,true,0.0216742, 5,5338| 21338
6,4,3,true,0.02157, 5,5338| 21338
6,5,3,true,0.0215852, 5,5338| 21338
6,6,3,true,0.0215516, 5,5338| 21338
6,7,3,true,0.0216744, 5,5338| 21338
6,8,3,true,0.0217388, 5,5338| 21338
6,9,3,true,0.0215611, 5,5338| 21338
7,0,3,true,0.021467, 6,5330| 21132
7,1,3,true,0.0212262, 6,5330| 21132
7,2,3,true,0.0221725, 6,5330| 21132
7,3,3,true,0.0214655, 6,5330| 21132
7,4,3,true,0.0215969, 6,5330| 21132
7,5,3,true,0.0214615, 6,5330| 21132
7,6,3,true,0.0214405, 6,5330| 21132
7,7,3,true,0.0214102, 6,5330| 21132
7,8,3,true,0.0215726, 6,5330| 21132
7,9,3,true,0.0215039, 6,5330| 21132
8,0,3,true,0.0213985, 6,5318| 21414
8,1,3,true,0.0214384, 6,5318| 21414
8,2,3,true,0.0212615, 6,5318| 21414
8,3,3,true,0.0214305, 6,5318| 21414
8,4,3,true,0.0213835, 6,5318| 21414
8,5,3,true,0.0215533, 6,5318| 21414
8,6,3,true,0.0214224, 6,5318| 21414
8,7,3,true,0.0214112, 6,5318| 21414
8,8,3,true,0.0212886, 6,5318| 21414
8,9,3,true,0.0213366, 6,5318| 21414
9,0,3,true,0.021477, 5,5290| 21136
9,1,3,true,0.0212197, 5,5290| 21136
9,2,3,true,0.0211854, 5,5290| 21136
9,3,3,true,0.0212595, 5,5290| 21136
9,4,3,true,0.0211782, 5,5290| 21136
9,5,3,true,0.0212197, 5,5290| 21136
9,6,3,true,0.02121, 5,5290| 21136
9,7,3,true,0.0211616, 5,5290| 21136
9,8,3,true,0.0216208, 5,5290| 21136
9,9,3,true,0.0211766, 5,5290| 21136
10,0,3,true,0.00813079, 32,2034| 6464
10,1,3,true,0.00803113, 32,2034| 6464
10,2,3,true,0.0080266, 32,2034| 6464
10,3,3,true,0.00800896, 32,2034| 6464
10,4,3,true,0.00799966, 32,2034| 6464
10,5,3,true,0.00800657, 32,2034| 6464
10,6,3,true,0.0080657, 32,2034| 6464
10,7,3,true,0.00794625, 32,2034| 6464
10,8,3,true,0.00807095, 32,2034| 6464
10,9,3,true,0.00797963, 32,2034| 6464
11,0,3,true,0.101089, 651,10012| 38240
11,1,3,true,0.0979059, 651,10012| 38240
11,2,3,true,0.100349, 651,10012| 38240
11,3,3,true,0.101082, 651,10012| 38240
11,4,3,true,0.100216, 651,10012| 38240
11,5,3,true,0.100204, 651,10012| 38240
11,6,3,true,0.0987363, 651,10012| 38240
11,7,3,true,0.0999386, 651,10012| 38240
11,8,3,true,0.100555, 651,10012| 38240
11,9,3,true,0.0996082, 651,10012| 38240
0,0,4,false,0.0227227, 11,18072
0,1,4,false,0.0223613, 11,18072
0,2,4,false,0.0224512, 11,18072
0,3,4,false,0.0224199, 11,18072
0,4,4,false,0.0224319, 11,18072
0,5,4,false,0.0223856, 11,18072
0,6,4,false,0.0224349, 11,18072
0,7,4,false,0.0225074, 11,18072
0,8,4,false,0.0223927, 11,18072
0,9,4,false,0.0225396, 11,18072
1,0,4,false,0.0223503, 9,18034
1,1,4,false,0.022419, 9,18034
1,2,4,false,0.0223842, 9,18034
1,3,4,false,0.0225713, 9,18034
1,4,4,false,0.0222068, 9,18034
1,5,4,false,0.0222285, 9,18034
1,6,4,false,0.0221944, 9,18034
1,7,4,false,0.0221548, 9,18034
1,8,4,false,0.0221903, 9,18034
1,9,4,false,0.0221848, 9,18034
2,0,4,false,0.0223906, 12,18168
2,1,4,false,0.0221906, 12,18168
2,2,4,false,0.0221868, 12,18168
2,3,4,false,0.0221238, 12,18168
2,4,4,false,0.022063, 12,18168
2,5,4,false,0.0221722, 12,18168
2,6,4,false,0.0222342, 12,18168
2,7,4,false,0.0222127, 12,18168
2,8,4,false,0.0221236, 12,18168
2,9,4,false,0.022167, 12,18168
3,0,4,false,0.0221465, 9,18170
3,1,4,false,0.0220988, 9,18170
3,2,4,false,0.0222225, 9,18170
3,3,4,false,0.0222204, 9,18170
3,4,4,false,0.0220721, 9,18170
3,5,4,false,0.0221195, 9,18170
3,6,4,false,0.0221879, 9,18170
3,7,4,false,0.0223916, 9,18170
3,8,4,false,0.0223508, 9,18170
3,9,4,false,0.022393, 9,18170
4,0,4,false,0.0223296, 7,18020
4,1,4,false,0.0229895, 7,18020
4,2,4,false,0.0222991, 7,18020
4,3,4,false,0.0223362, 7,18020
4,4,4,false,0.0223007, 7,18020
4,5,4,false,0.0223589, 7,18020
4,6,4,false,0.0222836, 7,18020
4,7,4,false,0.0224509, 7,18020
4,8,4,false,0.0223956, 7,18020
4,9,4,false,0.0223918, 7,18020
5,0,4,false,0.0222809, 9,17870
5,1,4,false,0.0223186, 9,17870
5,2,4,false,0.0222473, 9,17870
5,3,4,false,0.0222399, 9,17870
5,4,4,false,0.0222855, 9,17870
5,5,4,false,0.02211, 9,17870
5,6,4,false,0.0220881, 9,17870
5,7,4,false,0.0219989, 9,17870
5,8,4,false,0.0220487, 9,17870
5,9,4,false,0.0222023, 9,17870
6,0,4,false,0.0220902, 14,17934
6,1,4,false,0.0220938, 14,17934
6,2,4,false,0.0220935, 14,17934
6,3,4,false,0.0221131, 14,17934
6,4,4,false,0.022052, 14,17934
6,5,4,false,0.0220912, 14,17934
6,6,4,false,0.0220547, 14,17934
6,7,4,false,0.0221293, 14,17934
6,8,4,false,0.0220976, 14,17934
6,9,4,false,0.0222249, 14,17934
7,0,4,false,0.0220909, 8,17818
7,1,4,false,0.0219886, 8,17818
7,2,4,false,0.022058, 8,17818
7,3,4,false,0.0220144, 8,17818
7,4,4,false,0.0219882, 8,17818
7,5,4,false,0.022059, 8,17818
7,6,4,false,0.0221477, 8,17818
7,7,4,false,0.0221398, 8,17818
7,8,4,false,0.0220132, 8,17818
7,9,4,false,0.0220318, 8,17818
8,0,4,false,0.022227, 14,18128
8,1,4,false,0.0223684, 14,18128
8,2,4,false,0.0222945, 14,18128
8,3,4,false,0.0223074, 14,18128
8,4,4,false,0.0222347, 14,18128
8,5,4,false,0.0221603, 14,18128
8,6,4,false,0.022187, 14,18128
8,7,4,false,0.0222211, 14,18128
8,8,4,false,0.0222182, 14,18128
8,9,4,false,0.0222368, 14,18128
9,0,4,false,0.0219922, 13,17992
9,1,4,false,0.0220938, 13,17992
9,2,4,false,0.0220904, 13,17992
9,3,4,false,0.0221288, 13,17992
9,4,4,false,0.0220087, 13,17992
9,5,4,false,0.0220647, 13,17992
9,6,4,false,0.023036, 13,17992
9,7,4,false,0.0221381, 13,17992
9,8,4,false,0.0221004, 13,17992
9,9,4,false,0.0220406, 13,17992
10,0,4,false,0.00838184, 41,5666
10,1,4,false,0.00824881, 41,5666
10,2,4,false,0.00835228, 41,5666
10,3,4,false,0.00826144, 41,5666
10,4,4,false,0.00826526, 41,5666
10,5,4,false,0.00834227, 41,5666
10,6,4,false,0.00836372, 41,5666
10,7,4,false,0.00835323, 41,5666
10,8,4,false,0.00831866, 41,5666
10,9,4,false,0.00828671, 41,5666
11,0,4,false,0.111693, 979,37866
11,1,4,false,0.110893, 979,37866
11,2,4,false,0.11002, 979,37866
11,3,4,false,0.112078, 979,37866
11,4,4,false,0.112257, 979,37866
11,5,4,false,0.112024, 979,37866
11,6,4,false,0.111627, 979,37866
11,7,4,false,0.112392, 979,37866
11,8,4,false,0.11131, 979,37866
11,9,4,false,0.111428, 979,37866
0,0,4,true,0.0210767, 11,15934
0,1,4,true,0.0209718, 11,15934
0,2,4,true,0.0209537, 11,15934
0,3,4,true,0.0210409, 11,15934
0,4,4,true,0.0209832, 11,15934
0,5,4,true,0.0209677, 11,15934
0,6,4,true,0.0209439, 11,15934
0,7,4,true,0.0210643, 11,15934
0,8,4,true,0.0212615, 11,15934
0,9,4,true,0.0219409, 11,15934
1,0,4,true,0.0211883, 9,15848
1,1,4,true,0.0210543, 9,15848
1,2,4,true,0.0210314, 9,15848
1,3,4,true,0.0211017, 9,15848
1,4,4,true,0.0211036, 9,15848
1,5,4,true,0.0209529, 9,15848
1,6,4,true,0.0210195, 9,15848
1,7,4,true,0.0209031, 9,15848
1,8,4,true,0.0209262, 9,15848
1,9,4,true,0.0209253, 9,15848
2,0,4,true,0.0209515, 12,15970
2,1,4,true,0.0210285, 12,15970
2,2,4,true,0.0210066, 12,15970
2,3,4,true,0.0209966, 12,15970
2,4,4,true,0.0211086, 12,15970
2,5,4,true,0.021332, 12,15970
2,6,4,true,0.0210953, 12,15970
2,7,4,true,0.0211442, 12,15970
2,8,4,true,0.021069, 12,15970
2,9,4,true,0.0209768, 12,15970
3,0,4,true,0.0207932, 9,16092
3,1,4,true,0.0209351, 9,16092
3,2,4,true,0.0208902, 9,16092
3,3,4,true,0.02087, 9,16092
3,4,4,true,0.0208611, 9,16092
3,5,4,true,0.0215139, 9,16092
3,6,4,true,0.0209978, 9,16092
3,7,4,true,0.0209432, 9,16092
3,8,4,true,0.0208993, 9,16092
3,9,4,true,0.0208993, 9,16092
4,0,4,true,0.0208983, 7,15882
4,1,4,true,0.0209308, 7,15882
4,2,4,true,0.0207033, 7,15882
4,3,4,true,0.0207622, 7,15882
4,4,4,true,0.0207007, 7,15882
4,5,4,true,0.0208054, 7,15882
4,6,4,true,0.0206861, 7,15882
4,7,4,true,0.0209515, 7,15882
4,8,4,true,0.0207512, 7,15882
4,9,4,true,0.0207713, 7,15882
5,0,4,true,0.0208077, 9,15814
5,1,4,true,0.0206685, 9,15814
5,2,4,true,0.0206726, 9,15814
5,3,4,true,0.0207801, 9,15814
5,4,4,true,0.0207965, 9,15814
5,5,4,true,0.0207968, 9,15814
5,6,4,true,0.0208294, 9,15814
5,7,4,true,0.0207875, 9,15814
5,8,4,true,0.0207808, 9,15814
5,9,4,true,0.0207906, 9,15814
6,0,4,true,0.0209227, 14,16000
6,1,4,true,0.02086, 14,16000
6,2,4,true,0.0207772, 14,16000
6,3,4,true,0.0207524, 14,16000
6,4,4,true,0.0216882, 14,16000
6,5,4,true,0.0208893, 14,16000
6,6,4,true,0.0208523, 14,16000
6,7,4,true,0.0208139, 14,16000
6,8,4,true,0.0207596, 14,16000
6,9,4,true,0.020752, 14,16000
7,0,4,true,0.0208993, 8,15802
7,1,4,true,0.0206549, 8,15802
7,2,4,true,0.0207629, 8,15802
7,3,4,true,0.0208542, 8,15802
7,4,4,true,0.0206635, 8,15802
7,5,4,true,0.0206485, 8,15802
7,6,4,true,0.0207298, 8,15802
7,7,4,true,0.0208089, 8,15802
7,8,4,true,0.0207536, 8,15802
7,9,4,true,0.0208347, 8,15802
8,0,4,true,0.0208285, 14,16096
8,1,4,true,0.0207665, 14,16096
8,2,4,true,0.0209227, 14,16096
8,3,4,true,0.020865, 14,16096
8,4,4,true,0.0207822, 14,16096
8,5,4,true,0.0207932, 14,16096
8,6,4,true,0.0208726, 14,16096
8,7,4,true,0.0209045, 14,16096
8,8,4,true,0.0209465, 14,16096
8,9,4,true,0.0210366, 14,16096
9,0,4,true,0.0209403, 13,15846
9,1,4,true,0.0209463, 13,15846
9,2,4,true,0.0213652, 13,15846
9,3,4,true,0.0208988, 13,15846
9,4,4,true,0.0208805, 13,15846
9,5,4,true,0.0208254, 13,15846
9,6,4,true,0.0209749, 13,15846
9,7,4,true,0.0210443, 13,15846
9,8,4,true,0.0208704, 13,15846
9,9,4,true,0.0208881, 13,15846
10,0,4,true,0.00762844, 41,4430
10,1,4,true,0.00758481, 41,4430
10,2,4,true,0.00766253, 41,4430
10,3,4,true,0.00756454, 41,4430
10,4,4,true,0.00778699, 41,4430
10,5,4,true,0.00754929, 41,4430
10,6,4,true,0.00760102, 41,4430
10,7,4,true,0.0083282, 41,4430
10,8,4,true,0.00759554, 41,4430
10,9,4,true,0.00760984, 41,4430
11,0,4,true,0.095957, 979,28228
11,1,4,true,0.096411, 979,28228
11,2,4,true,0.0967491, 979,28228
11,3,4,true,0.0968194, 979,28228
11,4,4,true,0.0969806, 979,28228
11,5,4,true,0.0951967, 979,28228
11,6,4,true,0.0968213, 979,28228
11,7,4,true,0.0969541, 979,28228
11,8,4,true,0.0967927, 979,28228
11,9,4,true,0.0965817, 979,28228
0,0,5,false,0.0560198, 28,18072| 71892
0,1,5,false,0.05688, 28,18072| 71892
0,2,5,false,0.0570495, 28,18072| 71892
0,3,5,false,0.0554225, 28,18072| 71892
0,4,5,false,0.0576446, 28,18072| 71892
0,5,5,false,0.0555627, 28,18072| 71892
0,6,5,false,0.0552785, 28,18072| 71892
0,7,5,false,0.057776, 28,18072| 71892
0,8,5,false,0.0555298, 28,18072| 71892
0,9,5,false,0.0554636, 28,18072| 71892
1,0,5,false,0.0560896, 34,18034| 71936
1,1,5,false,0.0556717, 34,18034| 71936
1,2,5,false,0.0578089, 34,18034| 71936
1,3,5,false,0.0556226, 34,18034| 71936
1,4,5,false,0.058481, 34,18034| 71936
1,5,5,false,0.0577488, 34,18034| 71936
1,6,5,false,0.0575027, 34,18034| 71936
1,7,5,false,0.0572968, 34,18034| 71936
1,8,5,false,0.055742, 34,18034| 71936
1,9,5,false,0.0567524, 34,18034| 71936
2,0,5,false,0.0605693, 21,18168| 73524
2,1,5,false,0.0563357, 21,18168| 73524
2,2,5,false,0.0561261, 21,18168| 73524
2,3,5,false,0.0561798, 21,18168| 73524
2,4,5,false,0.0563583, 21,18168| 73524
2,5,5,false,0.0561569, 21,18168| 73524
2,6,5,false,0.0563061, 21,18168| 73524
2,7,5,false,0.0561454, 21,18168| 73524
2,8,5,false,0.056083, 21,18168| 73524
2,9,5,false,0.0576868, 21,18168| 73524
3,0,5,false,0.0564981, 15,18170| 73148
3,1,5,false,0.0564885, 15,18170| 73148
3,2,5,false,0.0567844, 15,18170| 73148
3,3,5,false,0.0564754, 15,18170| 73148
3,4,5,false,0.0565398, 15,18170| 73148
3,5,5,false,0.0570014, 15,18170| 73148
3,6,5,false,0.0565493, 15,18170| 73148
3,7,5,false,0.0565367, 15,18170| 73148
3,8,5,false,0.0566428, 15,18170| 73148
3,9,5,false,0.0566232, 15,18170| 73148
4,0,5,false,0.0557659, 18,18020| 71256
4,1,5,false,0.0557845, 18,18020| 71256
4,2,5,false,0.0558934, 18,18020| 71256
4,3,5,false,0.0559161, 18,18020| 71256
4,4,5,false,0.0559688, 18,18020| 71256
4,5,5,false,0.0564392, 18,18020| 71256
4,6,5,false,0.0567939, 18,18020| 71256
4,7,5,false,0.0559545, 18,18020| 71256
4,8,5,false,0.0557098, 18,18020| 71256
4,9,5,false,0.0563703, 18,18020| 71256
5,0,5,false,0.0560689, 21,17870| 71128
5,1,5,false,0.0557671, 21,17870| 71128
5,2,5,false,0.056489, 21,17870| 71128
5,3,5,false,0.0558798, 21,17870| 71128
5,4,5,false,0.0558891, 21,17870| 71128
5,5,5,false,0.0558655, 21,17870| 71128
5,6,5,false,0.0573001, 21,17870| 71128
5,7,5,false,0.0559087, 21,17870| 71128
5,8,5,false,0.055896, 21,17870| 71128
5,9,5,false,0.0563049, 21,17870| 71128
6,0,5,false,0.0563045, 22,17934| 71580
6,1,5,false,0.0556729, 22,17934| 71580
6,2,5,false,0.0563788, 22,17934| 71580
6,3,5,false,0.0557427, 22,17934| 71580
6,4,5,false,0.0556455, 22,17934| 71580
6,5,5,false,0.0564315, 22,17934| 71580
6,6,5,false,0.0555291, 22,17934| 71580
6,7,5,false,0.0558767, 22,17934| 71580
6,8,5,false,0.0560756, 22,17934| 71580
6,9,5,false,0.0558343, 22,17934| 71580
7,0,5,false,0.0560794, 23,17818| 70828
7,1,5,false,0.0571029, 23,17818| 70828
7,2,5,false,0.0559094, 23,17818| 70828
7,3,5,false,0.057004, 23,17818| 70828
7,4,5,false,0.0558558, 23,17818| 70828
7,5,5,false,0.0560713, 23,17818| 70828
7,6,5,false,0.0559993, 23,17818| 70828
7,7,5,false,0.0560887, 23,17818| 70828
7,8,5,false,0.056241, 23,17818| 70828
7,9,5,false,0.0558982, 23,17818| 70828
8,0,5,false,0.0575016, 27,18128| 73118
8,1,5,false,0.0569134, 27,18128| 73118
8,2,5,false,0.0569618, 27,18128| 73118
8,3,5,false,0.0567377, 27,18128| 73118
8,4,5,false,0.0569117, 27,18128| 73118
8,5,5,false,0.0569484, 27,18128| 73118
8,6,5,false,0.0568078, 27,18128| 73118
8,7,5,false,0.0570457, 27,18128| 73118
8,8,5,false,0.0569549, 27,18128| 73118
8,9,5,false,0.0567942, 27,18128| 73118
9,0,5,false,0.055907, 23,17992| 72094
9,1,5,false,0.0566032, 23,17992| 72094
9,2,5,false,0.0559192, 23,17992| 72094
9,3,5,false,0.0560243, 23,17992| 72094
9,4,5,false,0.0552526, 23,17992| 72094
9,5,5,false,0.0553379, 23,17992| 72094
9,6,5,false,0.055088, 23,17992| 72094
9,7,5,false,0.0556307, 23,17992| 72094
9,8,5,false,0.0556397, 23,17992| 72094
9,9,5,false,0.0556428, 23,17992| 72094
10,0,5,false,0.0151598, 63,5666| 17592
10,1,5,false,0.0150819, 63,5666| 17592
10,2,5,false,0.0151033, 63,5666| 17592
10,3,5,false,0.015084, 63,5666| 17592
10,4,5,false,0.0150845, 63,5666| 17592
10,5,5,false,0.0151744, 63,5666| 17592
10,6,5,false,0.0152986, 63,5666| 17592
10,7,5,false,0.0151556, 63,5666| 17592
10,8,5,false,0.0151331, 63,5666| 17592
10,9,5,false,0.0150993, 63,5666| 17592
11,0,5,false,0.252441, 1821,37866| 142978
11,1,5,false,0.247333, 1821,37866| 142978
11,2,5,false,0.249896, 1821,37866| 142978
11,3,5,false,0.255036, 1821,37866| 142978
11,4,5,false,0.249412, 1821,37866| 142978
11,5,5,false,0.247351, 1821,37866| 142978
11,6,5,false,0.271206, 1821,37866| 142978
11,7,5,false,0.249779, 1821,37866| 142978
11,8,5,false,0.249578, 1821,37866| 142978
11,9,5,false,0.24687, 1821,37866| 142978
0,0,5,true,0.0504544, 28,15934| 63368
0,1,5,true,0.0503993, 28,15934| 63368
0,2,5,true,0.0495613, 28,15934| 63368
0,3,5,true,0.0497665, 28,15934| 63368
0,4,5,true,0.0500398, 28,15934| 63368
0,5,5,true,0.0495861, 28,15934| 63368
0,6,5,true,0.0494599, 28,15934| 63368
0,7,5,true,0.0500021, 28,15934| 63368
0,8,5,true,0.0494452, 28,15934| 63368
0,9,5,true,0.0495844, 28,15934| 63368
1,0,5,true,0.0495787, 34,15848| 63264
1,1,5,true,0.0496135, 34,15848| 63264
1,2,5,true,0.0501382, 34,15848| 63264
1,3,5,true,0.0502207, 34,15848| 63264
1,4,5,true,0.0495908, 34,15848| 63264
1,5,5,true,0.0500405, 34,15848| 63264
1,6,5,true,0.0495195, 34,15848| 63264
1,7,5,true,0.0506289, 34,15848| 63264
1,8,5,true,0.0495491, 34,15848| 63264
1,9,5,true,0.049623, 34,15848| 63264
2,0,5,true,0.0507286, 21,15970| 64694
2,1,5,true,0.0508726, 21,15970| 64694
2,2,5,true,0.0505445, 21,15970| 64694
2,3,5,true,0.0509875, 21,15970| 64694
2,4,5,true,0.0507751, 21,15970| 64694
2,5,5,true,0.0509176, 21,15970| 64694
2,6,5,true,0.0508285, 21,15970| 64694
2,7,5,true,0.0508792, 21,15970| 64694
2,8,5,true,0.0508354, 21,15970| 64694
2,9,5,true,0.0508285, 21,15970| 64694
3,0,5,true,0.0505433, 15,16092| 64788
3,1,5,true,0.0507174, 15,16092| 64788
3,2,5,true,0.050627, 15,16092| 64788
3,3,5,true,0.0508728, 15,16092| 64788
3,4,5,true,0.0504203, 15,16092| 64788
3,5,5,true,0.0504179, 15,16092| 64788
3,6,5,true,0.0504525, 15,16092| 64788
3,7,5,true,0.0503163, 15,16092| 64788
3,8,5,true,0.050442, 15,16092| 64788
3,9,5,true,0.0510097, 15,16092| 64788
4,0,5,true,0.0503738, 18,15882| 62740
4,1,5,true,0.0498819, 18,15882| 62740
4,2,5,true,0.0497832, 18,15882| 62740
4,3,5,true,0.0498602, 18,15882| 62740
4,4,5,true,0.0498092, 18,15882| 62740
4,5,5,true,0.0493877, 18,15882| 62740
4,6,5,true,0.0493429, 18,15882| 62740
4,7,5,true,0.0498469, 18,15882| 62740
4,8,5,true,0.0495758, 18,15882| 62740
4,9,5,true,0.0498371, 18,15882| 62740
5,0,5,true,0.0501716, 21,15814| 63088
5,1,5,true,0.0491686, 21,15814| 63088
5,2,5,true,0.0497637, 21,15814| 63088
5,3,5,true,0.0490527, 21,15814| 63088
5,4,5,true,0.0494173, 21,15814| 63088
5,5,5,true,0.0492432, 21,15814| 63088
5,6,5,true,0.0495558, 21,15814| 63088
5,7,5,true,0.0492048, 21,15814| 63088
5,8,5,true,0.0492923, 21,15814| 63088
5,9,5,true,0.0490167, 21,15814| 63088
6,0,5,true,0.0495539, 22,16000| 63870
6,1,5,true,0.0495417, 22,16000| 63870
6,2,5,true,0.0503979, 22,16000| 63870
6,3,5,true,0.0495412, 22,16000| 63870
6,4,5,true,0.0495489, 22,16000| 63870
6,5,5,true,0.0495546, 22,16000| 63870
6,6,5,true,0.0495987, 22,16000| 63870
6,7,5,true,0.0508583, 22,16000| 63870
6,8,5,true,0.0496423, 22,16000| 63870
6,9,5,true,0.0495107, 22,16000| 63870
7,0,5,true,0.0488901, 23,15802| 62740
7,1,5,true,0.0488861, 23,15802| 62740
7,2,5,true,0.0490649, 23,15802| 62740
7,3,5,true,0.0488575, 23,15802| 62740
7,4,5,true,0.048892, 23,15802| 62740
7,5,5,true,0.0487659, 23,15802| 62740
7,6,5,true,0.048892, 23,15802| 62740
7,7,5,true,0.0491033, 23,15802| 62740
7,8,5,true,0.0489447, 23,15802| 62740
7,9,5,true,0.0490789, 23,15802| 62740
8,0,5,true,0.0494151, 27,16096| 64902
8,1,5,true,0.0494056, 27,16096| 64902
8,2,5,true,0.0494804, 27,16096| 64902
8,3,5,true,0.0494025, 27,16096| 64902
8,4,5,true,0.0496769, 27,16096| 64902
8,5,5,true,0.0493221, 27,16096| 64902
8,6,5,true,0.0494723, 27,16096| 64902
8,7,5,true,0.0495286, 27,16096| 64902
8,8,5,true,0.0512156, 27,16096| 64902
8,9,5,true,0.049973, 27,16096| 64902
9,0,5,true,0.0494576, 23,15846| 63370
9,1,5,true,0.0495846, 23,15846| 63370
9,2,5,true,0.0501392, 23,15846| 63370
9,3,5,true,0.0503235, 23,15846| 63370
9,4,5,true,0.0504909, 23,15846| 63370
9,5,5,true,0.0496073, 23,15846| 63370
9,6,5,true,0.0497148, 23,15846| 63370
9,7,5,true,0.0495317, 23,15846| 63370
9,8,5,true,0.0496905, 23,15846| 63370
9,9,5,true,0.0498791, 23,15846| 63370
10,0,5,true,0.0130625, 63,4430| 14236
10,1,5,true,0.0130019, 63,4430| 14236
10,2,5,true,0.0128348, 63,4430| 14236
10,3,5,true,0.0128429, 63,4430| 14236
10,4,5,true,0.0127637, 63,4430| 14236
10,5,5,true,0.0128515, 63,4430| 14236
10,6,5,true,0.0129156, 63,4430| 14236
10,7,5,true,0.0129077, 63,4430| 14236
10,8,5,true,0.0128727, 63,4430| 14236
10,9,5,true,0.0128984, 63,4430| 14236
11,0,5,true,0.196274, 1821,28228| 108236
11,1,5,true,0.193505, 1821,28228| 108236
11,2,5,true,0.194916, 1821,28228| 108236
11,3,5,true,0.195625, 1821,28228| 108236
11,4,5,true,0.194542, 1821,28228| 108236
11,5,5,true,0.195172, 1821,28228| 108236
11,6,5,true,0.195802, 1821,28228| 108236
11,7,5,true,0.197422, 1821,28228| 108236
11,8,5,true,0.194913, 1821,28228| 108236
11,9,5,true,0.193841, 1821,28228| 108236
0,0,6,false,0.051904, 40,53820
0,1,6,false,0.0518939, 40,53820
0,2,6,false,0.0527768, 40,53820
0,3,6,false,0.0518408, 40,53820
0,4,6,false,0.0517826, 40,53820
0,5,6,false,0.0517712, 40,53820
0,6,6,false,0.0520482, 40,53820
0,7,6,false,0.0520914, 40,53820
0,8,6,false,0.0519824, 40,53820
0,9,6,false,0.0523674, 40,53820
1,0,6,false,0.0523055, 68,53902
1,1,6,false,0.052933, 68,53902
1,2,6,false,0.0523648, 68,53902
1,3,6,false,0.0523713, 68,53902
1,4,6,false,0.052242, 68,53902
1,5,6,false,0.0523717, 68,53902
1,6,6,false,0.053093, 68,53902
1,7,6,false,0.0521986, 68,53902
1,8,6,false,0.0525823, 68,53902
1,9,6,false,0.0524125, 68,53902
2,0,6,false,0.0530264, 63,55356
2,1,6,false,0.0531249, 63,55356
2,2,6,false,0.0532086, 63,55356
2,3,6,false,0.0531421, 63,55356
2,4,6,false,0.0531621, 63,55356
2,5,6,false,0.0530005, 63,55356
2,6,6,false,0.0530529, 63,55356
2,7,6,false,0.0536411, 63,55356
2,8,6,false,0.0530498, 63,55356
2,9,6,false,0.0529795, 63,55356
3,0,6,false,0.0524855, 55,54978
3,1,6,false,0.0535464, 55,54978
3,2,6,false,0.0526221, 55,54978
3,3,6,false,0.0528579, 55,54978
3,4,6,false,0.052525, 55,54978
3,5,6,false,0.0532613, 55,54978
3,6,6,false,0.052465, 55,54978
3,7,6,false,0.0526545, 55,54978
3,8,6,false,0.052485, 55,54978
3,9,6,false,0.0526969, 55,54978
4,0,6,false,0.0519743, 71,53236
4,1,6,false,0.0518196, 71,53236
4,2,6,false,0.0519862, 71,53236
4,3,6,false,0.0518925, 71,53236
4,4,6,false,0.0517075, 71,53236
4,5,6,false,0.051707, 71,53236
4,6,6,false,0.0525949, 71,53236
4,7,6,false,0.0520136, 71,53236
4,8,6,false,0.0516653, 71,53236
4,9,6,false,0.0525572, 71,53236
5,0,6,false,0.0513167, 54,53258
5,1,6,false,0.051219, 54,53258
5,2,6,false,0.0513468, 54,53258
5,3,6,false,0.0513959, 54,53258
5,4,6,false,0.0515149, 54,53258
5,5,6,false,0.0515301, 54,53258
5,6,6,false,0.0512235, 54,53258
5,7,6,false,0.0513954, 54,53258
5,8,6,false,0.0512762, 54,53258
5,9,6,false,0.0514262, 54,53258
6,0,6,false,0.0515909, 68,53646
6,1,6,false,0.0513792, 68,53646
6,2,6,false,0.0515239, 68,53646
6,3,6,false,0.0515389, 68,53646
6,4,6,false,0.0523915, 68,53646
6,5,6,false,0.0519679, 68,53646
6,6,6,false,0.0521514, 68,53646
6,7,6,false,0.0513625, 68,53646
6,8,6,false,0.0515175, 68,53646
6,9,6,false,0.0514157, 68,53646
7,0,6,false,0.0517111, 62,53010
7,1,6,false,0.0517445, 62,53010
7,2,6,false,0.0522594, 62,53010
7,3,6,false,0.0515037, 62,53010
7,4,6,false,0.0516322, 62,53010
7,5,6,false,0.0519481, 62,53010
7,6,6,false,0.0516942, 62,53010
7,7,6,false,0.0517631, 62,53010
7,8,6,false,0.0515306, 62,53010
7,9,6,false,0.0518014, 62,53010
8,0,6,false,0.05282, 54,54990
8,1,6,false,0.0527668, 54,54990
8,2,6,false,0.0527148, 54,54990
8,3,6,false,0.0530784, 54,54990
8,4,6,false,0.0528429, 54,54990
8,5,6,false,0.0526414, 54,54990
8,6,6,false,0.0528917, 54,54990
8,7,6,false,0.0527999, 54,54990
8,8,6,false,0.0527303, 54,54990
8,9,6,false,0.0528119, 54,54990
9,0,6,false,0.0532572, 60,54102
9,1,6,false,0.0527756, 60,54102
9,2,6,false,0.0523174, 60,54102
9,3,6,false,0.0524867, 60,54102
9,4,6,false,0.0523326, 60,54102
9,5,6,false,0.0523465, 60,54102
9,6,6,false,0.0524702, 60,54102
9,7,6,false,0.0530622, 60,54102
9,8,6,false,0.0524123, 60,54102
9,9,6,false,0.0528347, 60,54102
10,0,6,false,0.0132177, 79,11926
10,1,6,false,0.0131598, 79,11926
10,2,6,false,0.0131834, 79,11926
10,3,6,false,0.0130062, 79,11926
10,4,6,false,0.0130479, 79,11926
10,5,6,false,0.0129867, 79,11926
10,6,6,false,0.0129466, 79,11926
10,7,6,false,0.0130992, 79,11926
10,8,6,false,0.0131502, 79,11926
10,9,6,false,0.0130665, 79,11926
11,0,6,false,0.249839, 4563,105112
11,1,6,false,0.246334, 4563,105112
11,2,6,false,0.246582, 4563,105112
11,3,6,false,0.266748, 4563,105112
11,4,6,false,0.248646, 4563,105112
11,5,6,false,0.246045, 4563,105112
11,6,6,false,0.249171, 4563,105112
11,7,6,false,0.247011, 4563,105112
11,8,6,false,0.247359, 4563,105112
11,9,6,false,0.243837, 4563,105112
0,0,6,true,0.0466301, 40,47434
0,1,6,true,0.0460198, 40,47434
0,2,6,true,0.0460856, 40,47434
0,3,6,true,0.0460052, 40,47434
0,4,6,true,0.0461509, 40,47434
0,5,6,true,0.0462222, 40,47434
0,6,6,true,0.0474007, 40,47434
0,7,6,true,0.0462439, 40,47434
0,8,6,true,0.0464542, 40,47434
0,9,6,true,0.0461991, 40,47434
1,0,6,true,0.0461049, 68,47416
1,1,6,true,0.0461974, 68,47416
1,2,6,true,0.0461273, 68,47416
1,3,6,true,0.0461466, 68,47416
1,4,6,true,0.0467849, 68,47416
1,5,6,true,0.0462573, 68,47416
1,6,6,true,0.046052, 68,47416
1,7,6,true,0.0461252, 68,47416
1,8,6,true,0.0467494, 68,47416
1,9,6,true,0.0459759, 68,47416
2,0,6,true,0.0475452, 63,48724
2,1,6,true,0.0475934, 63,48724
2,2,6,true,0.04773, 63,48724
2,3,6,true,0.0477729, 63,48724
2,4,6,true,0.0476348, 63,48724
2,5,6,true,0.0474377, 63,48724
2,6,6,true,0.047528, 63,48724
2,7,6,true,0.0476258, 63,48724
2,8,6,true,0.0476663, 63,48724
2,9,6,true,0.0475783, 63,48724
3,0,6,true,0.0471351, 55,48696
3,1,6,true,0.0469711, 55,48696
3,2,6,true,0.0468221, 55,48696
3,3,6,true,0.0473907, 55,48696
3,4,6,true,0.0471401, 55,48696
3,5,6,true,0.0469561, 55,48696
3,6,6,true,0.0474923, 55,48696
3,7,6,true,0.047008, 55,48696
3,8,6,true,0.0472391, 55,48696
3,9,6,true,0.0469682, 55,48696
4,0,6,true,0.046355, 71,46858
4,1,6,true,0.0460927, 71,46858
4,2,6,true,0.0461502, 71,46858
4,3,6,true,0.0463989, 71,46858
4,4,6,true,0.0460734, 71,46858
4,5,6,true,0.0461409, 71,46858
4,6,6,true,0.0465462, 71,46858
4,7,6,true,0.0461035, 71,46858
4,8,6,true,0.0460813, 71,46858
4,9,6,true,0.0460725, 71,46858
5,0,6,true,0.0460761, 54,47274
5,1,6,true,0.0463536, 54,47274
5,2,6,true,0.0461829, 54,47274
5,3,6,true,0.0461013, 54,47274
5,4,6,true,0.0472612, 54,47274
5,5,6,true,0.0462351, 54,47274
5,6,6,true,0.0461068, 54,47274
5,7,6,true,0.0463026, 54,47274
5,8,6,true,0.046397, 54,47274
5,9,6,true,0.0463064, 54,47274
6,0,6,true,0.0469086, 68,47870
6,1,6,true,0.047224, 68,47870
6,2,6,true,0.04704, 68,47870
6,3,6,true,0.0470102, 68,47870
6,4,6,true,0.0470808, 68,47870
6,5,6,true,0.0470445, 68,47870
6,6,6,true,0.0467312, 68,47870
6,7,6,true,0.0470164, 68,47870
6,8,6,true,0.0468221, 68,47870
6,9,6,true,0.0471954, 68,47870
7,0,6,true,0.0469368, 62,46938
7,1,6,true,0.0461357, 62,46938
7,2,6,true,0.0460544, 62,46938
7,3,6,true,0.0461459, 62,46938
7,4,6,true,0.0462685, 62,46938
7,5,6,true,0.0461345, 62,46938
7,6,6,true,0.0460649, 62,46938
7,7,6,true,0.0460885, 62,46938
7,8,6,true,0.0465472, 62,46938
7,9,6,true,0.0461791, 62,46938
8,0,6,true,0.0478489, 54,48806
8,1,6,true,0.0474086, 54,48806
8,2,6,true,0.0479336, 54,48806
8,3,6,true,0.0470996, 54,48806
8,4,6,true,0.0473008, 54,48806
8,5,6,true,0.0472453, 54,48806
8,6,6,true,0.0471828, 54,48806
8,7,6,true,0.0473466, 54,48806
8,8,6,true,0.0472257, 54,48806
8,9,6,true,0.0471175, 54,48806
9,0,6,true,0.0485663, 60,47524
9,1,6,true,0.0468037, 60,47524
9,2,6,true,0.0467238, 60,47524
9,3,6,true,0.0472009, 60,47524
9,4,6,true,0.0467608, 60,47524
9,5,6,true,0.0466421, 60,47524
9,6,6,true,0.0467386, 60,47524
9,7,6,true,0.0474639, 60,47524
9,8,6,true,0.0467014, 60,47524
9,9,6,true,0.0467317, 60,47524
10,0,6,true,0.0116818, 79,9806
10,1,6,true,0.0115218, 79,9806
10,2,6,true,0.0115676, 79,9806
10,3,6,true,0.0114524, 79,9806
10,4,6,true,0.0115597, 79,9806
10,5,6,true,0.0124798, 79,9806
10,6,6,true,0.0116596, 79,9806
10,7,6,true,0.0116134, 79,9806
10,8,6,true,0.0116487, 79,9806
10,9,6,true,0.0115855, 79,9806
11,0,6,true,0.203704, 4563,80008
11,1,6,true,0.203119, 4563,80008
11,2,6,true,0.200893, 4563,80008
11,3,6,true,0.201606, 4563,80008
11,4,6,true,0.20505, 4563,80008
11,5,6,true,0.202722, 4563,80008
11,6,6,true,0.201224, 4563,80008
11,7,6,true,0.200394, 4563,80008
11,8,6,true,0.201912, 4563,80008
11,9,6,true,0.223315, 4563,80008
0,0,7,false,0.169097, 128,53820| 213254
0,1,7,false,0.169036, 128,53820| 213254
0,2,7,false,0.173059, 128,53820| 213254
0,3,7,false,0.168152, 128,53820| 213254
0,4,7,false,0.171202, 128,53820| 213254
0,5,7,false,0.16928, 128,53820| 213254
0,6,7,false,0.172251, 128,53820| 213254
0,7,7,false,0.166429, 128,53820| 213254
0,8,7,false,0.169322, 128,53820| 213254
0,9,7,false,0.16686, 128,53820| 213254
1,0,7,false,0.169736, 157,53902| 215192
1,1,7,false,0.171461, 157,53902| 215192
1,2,7,false,0.170898, 157,53902| 215192
1,3,7,false,0.168683, 157,53902| 215192
1,4,7,false,0.169015, 157,53902| 215192
1,5,7,false,0.168179, 157,53902| 215192
1,6,7,false,0.166548, 157,53902| 215192
1,7,7,false,0.167856, 157,53902| 215192
1,8,7,false,0.168287, 157,53902| 215192
1,9,7,false,0.169916, 157,53902| 215192
2,0,7,false,0.17604, 178,55356| 224768
2,1,7,false,0.176272, 178,55356| 224768
2,2,7,false,0.178757, 178,55356| 224768
2,3,7,false,0.175864, 178,55356| 224768
2,4,7,false,0.175561, 178,55356| 224768
2,5,7,false,0.17583, 178,55356| 224768
2,6,7,false,0.175137, 178,55356| 224768
2,7,7,false,0.175816, 178,55356| 224768
2,8,7,false,0.17609, 178,55356| 224768
2,9,7,false,0.175388, 178,55356| 224768
3,0,7,false,0.174122, 158,54978| 221458
3,1,7,false,0.170649, 158,54978| 221458
3,2,7,false,0.172916, 158,54978| 221458
3,3,7,false,0.173487, 158,54978| 221458
3,4,7,false,0.173696, 158,54978| 221458
3,5,7,false,0.173032, 158,54978| 221458
3,6,7,false,0.173769, 158,54978| 221458
3,7,7,false,0.174541, 158,54978| 221458
3,8,7,false,0.17209, 158,54978| 221458
3,9,7,false,0.172487, 158,54978| 221458
4,0,7,false,0.165493, 143,53236| 209902
4,1,7,false,0.166384, 143,53236| 209902
4,2,7,false,0.169859, 143,53236| 209902
4,3,7,false,0.166976, 143,53236| 209902
4,4,7,false,0.167288, 143,53236| 209902
4,5,7,false,0.166763, 143,53236| 209902
4,6,7,false,0.168361, 143,53236| 209902
4,7,7,false,0.16723, 143,53236| 209902
4,8,7,false,0.166654, 143,53236| 209902
4,9,7,false,0.166614, 143,53236| 209902
5,0,7,false,0.167789, 153,53258| 212406
5,1,7,false,0.165853, 153,53258| 212406
5,2,7,false,0.167831, 153,53258| 212406
5,3,7,false,0.189136, 153,53258| 212406
5,4,7,false,0.166002, 153,53258| 212406
5,5,7,false,0.165571, 153,53258| 212406
5,6,7,false,0.167553, 153,53258| 212406
5,7,7,false,0.165796, 153,53258| 212406
5,8,7,false,0.166597, 153,53258| 212406
5,9,7,false,0.164955, 153,53258| 212406
6,0,7,false,0.167789, 156,53646| 214132
6,1,7,false,0.165413, 156,53646| 214132
6,2,7,false,0.167614, 156,53646| 214132
6,3,7,false,0.167409, 156,53646| 214132
6,4,7,false,0.166009, 156,53646| 214132
6,5,7,false,0.164359, 156,53646| 214132
6,6,7,false,0.163892, 156,53646| 214132
6,7,7,false,0.167382, 156,53646| 214132
6,8,7,false,0.165932, 156,53646| 214132
6,9,7,false,0.165063, 156,53646| 214132
7,0,7,false,0.169518, 130,53010| 210534
7,1,7,false,0.16898, 130,53010| 210534
7,2,7,false,0.17044, 130,53010| 210534
7,3,7,false,0.16976, 130,53010| 210534
7,4,7,false,0.16947, 130,53010| 210534
7,5,7,false,0.169472, 130,53010| 210534
7,6,7,false,0.167584, 130,53010| 210534
7,7,7,false,0.169371, 130,53010| 210534
7,8,7,false,0.16777, 130,53010| 210534
7,9,7,false,0.168449, 130,53010| 210534
8,0,7,false,0.172497, 177,54990| 222604
8,1,7,false,0.17011, 177,54990| 222604
8,2,7,false,0.172431, 177,54990| 222604
8,3,7,false,0.172554, 177,54990| 222604
8,4,7,false,0.174595, 177,54990| 222604
8,5,7,false,0.17212, 177,54990| 222604
8,6,7,false,0.173885, 177,54990| 222604
8,7,7,false,0.172032, 177,54990| 222604
8,8,7,false,0.173211, 177,54990| 222604
8,9,7,false,0.174799, 177,54990| 222604
9,0,7,false,0.170934, 125,54102| 216508
9,1,7,false,0.170526, 125,54102| 216508
9,2,7,false,0.169339, 125,54102| 216508
9,3,7,false,0.169663, 125,54102| 216508
9,4,7,false,0.170298, 125,54102| 216508
9,5,7,false,0.169897, 125,54102| 216508
9,6,7,false,0.169252, 125,54102| 216508
9,7,7,false,0.169274, 125,54102| 216508
9,8,7,false,0.167856, 125,54102| 216508
9,9,7,false,0.168224, 125,54102| 216508
10,0,7,false,0.0280423, 117,11926| 37416
10,1,7,false,0.0280175, 117,11926| 37416
10,2,7,false,0.027858, 117,11926| 37416
10,3,7,false,0.0278304, 117,11926| 37416
10,4,7,false,0.0278165, 117,11926| 37416
10,5,7,false,0.0278912, 117,11926| 37416
10,6,7,false,0.0278845, 117,11926| 37416
10,7,7,false,0.028039, 117,11926| 37416
10,8,7,false,0.0275342, 117,11926| 37416
10,9,7,false,0.0274889, 117,11926| 37416
11,0,7,false,0.729131, 13803,105112| 420548
11,1,7,false,0.740988, 13803,105112| 420548
11,2,7,false,0.73148, 13803,105112| 420548
11,3,7,false,0.724701, 13803,105112| 420548
11,4,7,false,0.72286, 13803,105112| 420548
11,5,7,false,0.720429, 13803,105112| 420548
11,6,7,false,0.722994, 13803,105112| 420548
11,7,7,false,0.727483, 13803,105112| 420548
11,8,7,false,0.73006, 13803,105112| 420548
11,9,7,false,0.72818, 13803,105112| 420548
0,0,7,true,0.148744, 128,47434| 187914
0,1,7,true,0.14609, 128,47434| 187914
0,2,7,true,0.145234, 128,47434| 187914
0,3,7,true,0.147629, 128,47434| 187914
0,4,7,true,0.147074, 128,47434| 187914
0,5,7,true,0.145952, 128,47434| 187914
0,6,7,true,0.14448, 128,47434| 187914
0,7,7,true,0.14654, 128,47434| 187914
0,8,7,true,0.147591, 128,47434| 187914
0,9,7,true,0.145754, 128,47434| 187914
1,0,7,true,0.142698, 157,47416| 189006
1,1,7,true,0.142977, 157,47416| 189006
1,2,7,true,0.143239, 157,47416| 189006
1,3,7,true,0.142463, 157,47416| 189006
1,4,7,true,0.143997, 157,47416| 189006
1,5,7,true,0.143736, 157,47416| 189006
1,6,7,true,0.144716, 157,47416| 189006
1,7,7,true,0.14357, 157,47416| 189006
1,8,7,true,0.143745, 157,47416| 189006
1,9,7,true,0.144801, 157,47416| 189006
2,0,7,true,0.149953, 178,48724| 197460
2,1,7,true,0.150424, 178,48724| 197460
2,2,7,true,0.150581, 178,48724| 197460
2,3,7,true,0.15038, 178,48724| 197460
2,4,7,true,0.172779, 178,48724| 197460
2,5,7,true,0.152083, 178,48724| 197460
2,6,7,true,0.15256, 178,48724| 197460
2,7,7,true,0.151536, 178,48724| 197460
2,8,7,true,0.151119, 178,48724| 197460
2,9,7,true,0.15064, 178,48724| 197460
3,0,7,true,0.150057, 158,48696| 196174
3,1,7,true,0.157499, 158,48696| 196174
3,2,7,true,0.151535, 158,48696| 196174
3,3,7,true,0.150053, 158,48696| 196174
3,4,7,true,0.150229, 158,48696| 196174
3,5,7,true,0.149945, 158,48696| 196174
3,6,7,true,0.150743, 158,48696| 196174
3,7,7,true,0.151479, 158,48696| 196174
3,8,7,true,0.149596, 158,48696| 196174
3,9,7,true,0.15036, 158,48696| 196174
4,0,7,true,0.143304, 143,46858| 184686
4,1,7,true,0.14193, 143,46858| 184686
4,2,7,true,0.143556, 143,46858| 184686
4,3,7,true,0.142388, 143,46858| 184686
4,4,7,true,0.140765, 143,46858| 184686
4,5,7,true,0.141142, 143,46858| 184686
4,6,7,true,0.140839, 143,46858| 184686
4,7,7,true,0.139986, 143,46858| 184686
4,8,7,true,0.140571, 143,46858| 184686
4,9,7,true,0.143064, 143,46858| 184686
5,0,7,true,0.144923, 153,47274| 188682
5,1,7,true,0.144805, 153,47274| 188682
5,2,7,true,0.144319, 153,47274| 188682
5,3,7,true,0.145284, 153,47274| 188682
5,4,7,true,0.144532, 153,47274| 188682
5,5,7,true,0.145567, 153,47274| 188682
5,6,7,true,0.144872, 153,47274| 188682
5,7,7,true,0.144802, 153,47274| 188682
5,8,7,true,0.144276, 153,47274| 188682
5,9,7,true,0.146609, 153,47274| 188682
6,0,7,true,0.145914, 156,47870| 191064
6,1,7,true,0.145166, 156,47870| 191064
6,2,7,true,0.145081, 156,47870| 191064
6,3,7,true,0.145694, 156,47870| 191064
6,4,7,true,0.145194, 156,47870| 191064
6,5,7,true,0.144473, 156,47870| 191064
6,6,7,true,0.145328, 156,47870| 191064
6,7,7,true,0.1452, 156,47870| 191064
6,8,7,true,0.147365, 156,47870| 191064
6,9,7,true,0.145324, 156,47870| 191064
7,0,7,true,0.14239, 130,46938| 186346
7,1,7,true,0.142783, 130,46938| 186346
7,2,7,true,0.142956, 130,46938| 186346
7,3,7,true,0.1426, 130,46938| 186346
7,4,7,true,0.144052, 130,46938| 186346
7,5,7,true,0.143254, 130,46938| 186346
7,6,7,true,0.142903, 130,46938| 186346
7,7,7,true,0.143574, 130,46938| 186346
7,8,7,true,0.14518, 130,46938| 186346
7,9,7,true,0.14273, 130,46938| 186346
8,0,7,true,0.151329, 177,48806| 197396
8,1,7,true,0.149596, 177,48806| 197396
8,2,7,true,0.149966, 177,48806| 197396
8,3,7,true,0.154493, 177,48806| 197396
8,4,7,true,0.15059, 177,48806| 197396
8,5,7,true,0.147485, 177,48806| 197396
8,6,7,true,0.150302, 177,48806| 197396
8,7,7,true,0.177386, 177,48806| 197396
8,8,7,true,0.151531, 177,48806| 197396
8,9,7,true,0.15092, 177,48806| 197396
9,0,7,true,0.14718, 125,47524| 190118
9,1,7,true,0.145621, 125,47524| 190118
9,2,7,true,0.146726, 125,47524| 190118
9,3,7,true,0.145769, 125,47524| 190118
9,4,7,true,0.145181, 125,47524| 190118
9,5,7,true,0.145418, 125,47524| 190118
9,6,7,true,0.145227, 125,47524| 190118
9,7,7,true,0.145809, 125,47524| 190118
9,8,7,true,0.146138, 125,47524| 190118
9,9,7,true,0.145443, 125,47524| 190118
10,0,7,true,0.023989, 117,9806| 31368
10,1,7,true,0.0236051, 117,9806| 31368
10,2,7,true,0.0234275, 117,9806| 31368
10,3,7,true,0.0233331, 117,9806| 31368
10,4,7,true,0.0234809, 117,9806| 31368
10,5,7,true,0.0233269, 117,9806| 31368
10,6,7,true,0.0233939, 117,9806| 31368
10,7,7,true,0.0234342, 117,9806| 31368
10,8,7,true,0.0236778, 117,9806| 31368
10,9,7,true,0.023464, 117,9806| 31368
11,0,7,true,0.576104, 13803,80008| 326114
11,1,7,true,0.566308, 13803,80008| 326114
11,2,7,true,0.569026, 13803,80008| 326114
11,3,7,true,0.569402, 13803,80008| 326114
11,4,7,true,0.572325, 13803,80008| 326114
11,5,7,true,0.573154, 13803,80008| 326114
11,6,7,true,0.571558, 13803,80008| 326114
11,7,7,true,0.575901, 13803,80008| 326114
11,8,7,true,0.56907, 13803,80008| 326114
11,9,7,true,0.571724, 13803,80008| 326114
0,0,8,false,0.162821, 359,159434
0,1,8,false,0.162056, 359,159434
0,2,8,false,0.163793, 359,159434
0,3,8,false,0.165282, 359,159434
0,4,8,false,0.16275, 359,159434
0,5,8,false,0.161977, 359,159434
0,6,8,false,0.163372, 359,159434
0,7,8,false,0.163206, 359,159434
0,8,8,false,0.163773, 359,159434
0,9,8,false,0.163426, 359,159434
1,0,8,false,0.164535, 387,161290
1,1,8,false,0.16349, 387,161290
1,2,8,false,0.163226, 387,161290
1,3,8,false,0.16306, 387,161290
1,4,8,false,0.164184, 387,161290
1,5,8,false,0.16335, 387,161290
1,6,8,false,0.172817, 387,161290
1,7,8,false,0.172689, 387,161290
1,8,8,false,0.163424, 387,161290
1,9,8,false,0.163371, 387,161290
2,0,8,false,0.171864, 476,169412
2,1,8,false,0.171201, 476,169412
2,2,8,false,0.171665, 476,169412
2,3,8,false,0.171212, 476,169412
2,4,8,false,0.172292, 476,169412
2,5,8,false,0.17132, 476,169412
2,6,8,false,0.171539, 476,169412
2,7,8,false,0.171355, 476,169412
2,8,8,false,0.171571, 476,169412
2,9,8,false,0.171162, 476,169412
3,0,8,false,0.168098, 460,166480
3,1,8,false,0.166574, 460,166480
3,2,8,false,0.166876, 460,166480
3,3,8,false,0.16658, 460,166480
3,4,8,false,0.167384, 460,166480
3,5,8,false,0.169592, 460,166480
3,6,8,false,0.169538, 460,166480
3,7,8,false,0.167641, 460,166480
3,8,8,false,0.167657, 460,166480
3,9,8,false,0.168452, 460,166480
4,0,8,false,0.15898, 311,156666
4,1,8,false,0.158194, 311,156666
4,2,8,false,0.158194, 311,156666
4,3,8,false,0.15816, 311,156666
4,4,8,false,0.159429, 311,156666
4,5,8,false,0.159096, 311,156666
4,6,8,false,0.158577, 311,156666
4,7,8,false,0.158724, 311,156666
4,8,8,false,0.158623, 311,156666
4,9,8,false,0.158616, 311,156666
5,0,8,false,0.1587, 413,159148
5,1,8,false,0.157655, 413,159148
5,2,8,false,0.15827, 413,159148
5,3,8,false,0.15881, 413,159148
5,4,8,false,0.157565, 413,159148
5,5,8,false,0.15677, 413,159148
5,6,8,false,0.157747, 413,159148
5,7,8,false,0.157276, 413,159148
5,8,8,false,0.158442, 413,159148
5,9,8,false,0.157607, 413,159148
6,0,8,false,0.160858, 372,160486
6,1,8,false,0.160741, 372,160486
6,2,8,false,0.167379, 372,160486
6,3,8,false,0.160791, 372,160486
6,4,8,false,0.160039, 372,160486
6,5,8,false,0.159812, 372,160486
6,6,8,false,0.159579, 372,160486
6,7,8,false,0.160502, 372,160486
6,8,8,false,0.168201, 372,160486
6,9,8,false,0.163916, 372,160486
7,0,8,false,0.160361, 390,157524
7,1,8,false,0.160082, 390,157524
7,2,8,false,0.161766, 390,157524
7,3,8,false,0.160115, 390,157524
7,4,8,false,0.160042, 390,157524
7,5,8,false,0.161464, 390,157524
7,6,8,false,0.160778, 390,157524
7,7,8,false,0.160699, 390,157524
7,8,8,false,0.160359, 390,157524
7,9,8,false,0.159592, 390,157524
8,0,8,false,0.169416, 447,167614
8,1,8,false,0.167585, 447,167614
8,2,8,false,0.168283, 447,167614
8,3,8,false,0.167506, 447,167614
8,4,8,false,0.167046, 447,167614
8,5,8,false,0.167055, 447,167614
8,6,8,false,0.167901, 447,167614
8,7,8,false,0.167322, 447,167614
8,8,8,false,0.167455, 447,167614
8,9,8,false,0.167069, 447,167614
9,0,8,false,0.16411, 408,162406
9,1,8,false,0.166098, 408,162406
9,2,8,false,0.165285, 408,162406
9,3,8,false,0.164305, 408,162406
9,4,8,false,0.17209, 408,162406
9,5,8,false,0.163994, 408,162406
9,6,8,false,0.163697, 408,162406
9,7,8,false,0.164734, 408,162406
9,8,8,false,0.164394, 408,162406
9,9,8,false,0.164032, 408,162406
10,0,8,false,0.0236466, 156,25490
10,1,8,false,0.0232379, 156,25490
10,2,8,false,0.0231781, 156,25490
10,3,8,false,0.023356, 156,25490
10,4,8,false,0.0231786, 156,25490
10,5,8,false,0.023128, 156,25490
10,6,8,false,0.0233631, 156,25490
10,7,8,false,0.0233843, 156,25490
10,8,8,false,0.0229423, 156,25490
10,9,8,false,0.0231404, 156,25490
11,0,8,false,1.13179, 45225,315436
11,1,8,false,1.13771, 45225,315436
11,2,8,false,1.12965, 45225,315436
11,3,8,false,1.12949, 45225,315436
11,4,8,false,1.12704, 45225,315436
11,5,8,false,1.12813, 45225,315436
11,6,8,false,1.13117, 45225,315436
11,7,8,false,1.13229, 45225,315436
11,8,8,false,1.12803, 45225,315436
11,9,8,false,1.13018, 45225,315436
0,0,8,true,0.142293, 359,140480
0,1,8,true,0.139805, 359,140480
0,2,8,true,0.140703, 359,140480
0,3,8,true,0.14019, 359,140480
0,4,8,true,0.140718, 359,140480
0,5,8,true,0.139565, 359,140480
0,6,8,true,0.139728, 359,140480
0,7,8,true,0.140255, 359,140480
0,8,8,true,0.140428, 359,140480
0,9,8,true,0.139126, 359,140480
1,0,8,true,0.138074, 387,141590
1,1,8,true,0.137452, 387,141590
1,2,8,true,0.136897, 387,141590
1,3,8,true,0.136622, 387,141590
1,4,8,true,0.136569, 387,141590
1,5,8,true,0.13667, 387,141590
1,6,8,true,0.138181, 387,141590
1,7,8,true,0.138087, 387,141590
1,8,8,true,0.136591, 387,141590
1,9,8,true,0.137316, 387,141590
2,0,8,true,0.144066, 476,148736
2,1,8,true,0.144571, 476,148736
2,2,8,true,0.144544, 476,148736
2,3,8,true,0.145264, 476,148736
2,4,8,true,0.144992, 476,148736
2,5,8,true,0.144551, 476,148736
2,6,8,true,0.144584, 476,148736
2,7,8,true,0.144262, 476,148736
2,8,8,true,0.144165, 476,148736
2,9,8,true,0.145616, 476,148736
3,0,8,true,0.143916, 460,147478
3,1,8,true,0.14325, 460,147478
3,2,8,true,0.143531, 460,147478
3,3,8,true,0.14324, 460,147478
3,4,8,true,0.14316, 460,147478
3,5,8,true,0.143385, 460,147478
3,6,8,true,0.142256, 460,147478
3,7,8,true,0.142523, 460,147478
3,8,8,true,0.141385, 460,147478
3,9,8,true,0.142017, 460,147478
4,0,8,true,0.133982, 311,137828
4,1,8,true,0.133362, 311,137828
4,2,8,true,0.133596, 311,137828
4,3,8,true,0.133162, 311,137828
4,4,8,true,0.132999, 311,137828
4,5,8,true,0.132693, 311,137828
4,6,8,true,0.134431, 311,137828
4,7,8,true,0.133205, 311,137828
4,8,8,true,0.134067, 311,137828
4,9,8,true,0.133505, 311,137828
5,0,8,true,0.136289, 413,141408
5,1,8,true,0.13732, 413,141408
5,2,8,true,0.136223, 413,141408
5,3,8,true,0.136425, 413,141408
5,4,8,true,0.136526, 413,141408
5,5,8,true,0.13757, 413,141408
5,6,8,true,0.135741, 413,141408
5,7,8,true,0.135068, 413,141408
5,8,8,true,0.135306, 413,141408
5,9,8,true,0.135513, 413,141408
6,0,8,true,0.136567, 372,143194
6,1,8,true,0.137796, 372,143194
6,2,8,true,0.137635, 372,143194
6,3,8,true,0.13744, 372,143194
6,4,8,true,0.136795, 372,143194
6,5,8,true,0.136979, 372,143194
6,6,8,true,0.136951, 372,143194
6,7,8,true,0.138002, 372,143194
6,8,8,true,0.138145, 372,143194
6,9,8,true,0.137578, 372,143194
7,0,8,true,0.133722, 390,139408
7,1,8,true,0.13476, 390,139408
7,2,8,true,0.135457, 390,139408
7,3,8,true,0.134702, 390,139408
7,4,8,true,0.135172, 390,139408
7,5,8,true,0.135711, 390,139408
7,6,8,true,0.13517, 390,139408
7,7,8,true,0.135294, 390,139408
7,8,8,true,0.135137, 390,139408
7,9,8,true,0.136365, 390,139408
8,0,8,true,0.143606, 447,148590
8,1,8,true,0.144422, 447,148590
8,2,8,true,0.149293, 447,148590
8,3,8,true,0.145908, 447,148590
8,4,8,true,0.143662, 447,148590
8,5,8,true,0.143505, 447,148590
8,6,8,true,0.143433, 447,148590
8,7,8,true,0.143952, 447,148590
8,8,8,true,0.144075, 447,148590
8,9,8,true,0.143364, 447,148590
9,0,8,true,0.137707, 408,142594
9,1,8,true,0.139321, 408,142594
9,2,8,true,0.138652, 408,142594
9,3,8,true,0.136517, 408,142594
9,4,8,true,0.138459, 408,142594
9,5,8,true,0.136964, 408,142594
9,6,8,true,0.136323, 408,142594
9,7,8,true,0.137213, 408,142594
9,8,8,true,0.13737, 408,142594
9,9,8,true,0.136584, 408,142594
10,0,8,true,0.0200996, 156,21562
10,1,8,true,0.0196881, 156,21562
10,2,8,true,0.0202799, 156,21562
10,3,8,true,0.0198803, 156,21562
10,4,8,true,0.0198917, 156,21562
10,5,8,true,0.0201619, 156,21562
10,6,8,true,0.0199039, 156,21562
10,7,8,true,0.0199149, 156,21562
10,8,8,true,0.0198841, 156,21562
10,9,8,true,0.0197167, 156,21562
11,0,8,true,0.990624, 45225,246106
11,1,8,true,0.989347, 45225,246106
11,2,8,true,0.989957, 45225,246106
11,3,8,true,0.989771, 45225,246106
11,4,8,true,0.988663, 45225,246106
11,5,8,true,0.985996, 45225,246106
11,6,8,true,0.987799, 45225,246106
11,7,8,true,1.01016, 45225,246106
11,8,8,true,0.990631, 45225,246106
11,9,8,true,0.989232, 45225,246106
0,0,9,false,0.544277, 1000,159434| 631484
0,1,9,false,0.54132, 1000,159434| 631484
0,2,9,false,0.547824, 1000,159434| 631484
0,3,9,false,0.542148, 1000,159434| 631484
0,4,9,false,0.539198, 1000,159434| 631484
0,5,9,false,0.551606, 1000,159434| 631484
0,6,9,false,0.54473, 1000,159434| 631484
0,7,9,false,0.539395, 1000,159434| 631484
0,8,9,false,0.54207, 1000,159434| 631484
0,9,9,false,0.54283, 1000,159434| 631484
1,0,9,false,0.540812, 1043,161290| 641764
1,1,9,false,0.541318, 1043,161290| 641764
1,2,9,false,0.549964, 1043,161290| 641764
1,3,9,false,0.566832, 1043,161290| 641764
1,4,9,false,0.541909, 1043,161290| 641764
1,5,9,false,0.540952, 1043,161290| 641764
1,6,9,false,0.541914, 1043,161290| 641764
1,7,9,false,0.532503, 1043,161290| 641764
1,8,9,false,0.54428, 1043,161290| 641764
1,9,9,false,0.542567, 1043,161290| 641764
2,0,9,false,0.569618, 1198,169412| 685980
2,1,9,false,0.569368, 1198,169412| 685980
2,2,9,false,0.580158, 1198,169412| 685980
2,3,9,false,0.571551, 1198,169412| 685980
2,4,9,false,0.575001, 1198,169412| 685980
2,5,9,false,0.571462, 1198,169412| 685980
2,6,9,false,0.57375, 1198,169412| 685980
2,7,9,false,0.563546, 1198,169412| 685980
2,8,9,false,0.573803, 1198,169412| 685980
2,9,9,false,0.569716, 1198,169412| 685980
3,0,9,false,0.566693, 1216,166480| 670274
3,1,9,false,0.593781, 1216,166480| 670274
3,2,9,false,0.569565, 1216,166480| 670274
3,3,9,false,0.564913, 1216,166480| 670274
3,4,9,false,0.570301, 1216,166480| 670274
3,5,9,false,0.567406, 1216,166480| 670274
3,6,9,false,0.57409, 1216,166480| 670274
3,7,9,false,0.558469, 1216,166480| 670274
3,8,9,false,0.572283, 1216,166480| 670274
3,9,9,false,0.574424, 1216,166480| 670274
4,0,9,false,0.530285, 865,156666| 616234
4,1,9,false,0.530798, 865,156666| 616234
4,2,9,false,0.537968, 865,156666| 616234
4,3,9,false,0.533188, 865,156666| 616234
4,4,9,false,0.531247, 865,156666| 616234
4,5,9,false,0.53576, 865,156666| 616234
4,6,9,false,0.525809, 865,156666| 616234
4,7,9,false,0.549561, 865,156666| 616234
4,8,9,false,0.527317, 865,156666| 616234
4,9,9,false,0.52622, 865,156666| 616234
5,0,9,false,0.539478, 1137,159148| 635466
5,1,9,false,0.536364, 1137,159148| 635466
5,2,9,false,0.531294, 1137,159148| 635466
5,3,9,false,0.547571, 1137,159148| 635466
5,4,9,false,0.542907, 1137,159148| 635466
5,5,9,false,0.536187, 1137,159148| 635466
5,6,9,false,0.538067, 1137,159148| 635466
5,7,9,false,0.532864, 1137,159148| 635466
5,8,9,false,0.545649, 1137,159148| 635466
5,9,9,false,0.536842, 1137,159148| 635466
6,0,9,false,0.539813, 1026,160486| 640176
6,1,9,false,0.535805, 1026,160486| 640176
6,2,9,false,0.538035, 1026,160486| 640176
6,3,9,false,0.560207, 1026,160486| 640176
6,4,9,false,0.540215, 1026,160486| 640176
6,5,9,false,0.538756, 1026,160486| 640176
6,6,9,false,0.537908, 1026,160486| 640176
6,7,9,false,0.540027, 1026,160486| 640176
6,8,9,false,0.537198, 1026,160486| 640176
6,9,9,false,0.572486, 1026,160486| 640176
7,0,9,false,0.549583, 986,157524| 625256
7,1,9,false,0.539222, 986,157524| 625256
7,2,9,false,0.537642, 986,157524| 625256
7,3,9,false,0.538713, 986,157524| 625256
7,4,9,false,0.543026, 986,157524| 625256
7,5,9,false,0.555478, 986,157524| 625256
7,6,9,false,0.546288, 986,157524| 625256
7,7,9,false,0.538786, 986,157524| 625256
7,8,9,false,0.545293, 986,157524| 625256
7,9,9,false,0.538042, 986,157524| 625256
8,0,9,false,0.559746, 1161,167614| 675384
8,1,9,false,0.561114, 1161,167614| 675384
8,2,9,false,0.57523, 1161,167614| 675384
8,3,9,false,0.565363, 1161,167614| 675384
8,4,9,false,0.566539, 1161,167614| 675384
8,5,9,false,0.574824, 1161,167614| 675384
8,6,9,false,0.55874, 1161,167614| 675384
8,7,9,false,0.572164, 1161,167614| 675384
8,8,9,false,0.570498, 1161,167614| 675384
8,9,9,false,0.565337, 1161,167614| 675384
9,0,9,false,0.541028, 1091,162406| 649666
9,1,9,false,0.543097, 1091,162406| 649666
9,2,9,false,0.546714, 1091,162406| 649666
9,3,9,false,0.541163, 1091,162406| 649666
9,4,9,false,0.551542, 1091,162406| 649666
9,5,9,false,0.541642, 1091,162406| 649666
9,6,9,false,0.546639, 1091,162406| 649666
9,7,9,false,0.542861, 1091,162406| 649666
9,8,9,false,0.546097, 1091,162406| 649666
9,9,9,false,0.547332, 1091,162406| 649666
10,0,9,false,0.0560651, 302,25490| 80188
10,1,9,false,0.0557854, 302,25490| 80188
10,2,9,false,0.0557845, 302,25490| 80188
10,3,9,false,0.0547252, 302,25490| 80188
10,4,9,false,0.0554352, 302,25490| 80188
10,5,9,false,0.0550976, 302,25490| 80188
10,6,9,false,0.0551348, 302,25490| 80188
10,7,9,false,0.0556338, 302,25490| 80188
10,8,9,false,0.0557277, 302,25490| 80188
10,9,9,false,0.0550752, 302,25490| 80188
11,0,9,false,4.38064, 153837,315436| 1346194
11,1,9,false,4.34603, 153837,315436| 1346194
11,2,9,false,4.35198, 153837,315436| 1346194
11,3,9,false,4.36259, 153837,315436| 1346194
11,4,9,false,4.33816, 153837,315436| 1346194
11,5,9,false,4.3552, 153837,315436| 1346194
11,6,9,false,4.34399, 153837,315436| 1346194
11,7,9,false,4.36241, 153837,315436| 1346194
11,8,9,false,4.35085, 153837,315436| 1346194
11,9,9,false,4.35072, 153837,315436| 1346194
0,0,9,true,0.479719, 1000,140480| 556228
0,1,9,true,0.465549, 1000,140480| 556228
0,2,9,true,0.475975, 1000,140480| 556228
0,3,9,true,0.470154, 1000,140480| 556228
0,4,9,true,0.463026, 1000,140480| 556228
0,5,9,true,0.465447, 1000,140480| 556228
0,6,9,true,0.471968, 1000,140480| 556228
0,7,9,true,0.461787, 1000,140480| 556228
0,8,9,true,0.459463, 1000,140480| 556228
0,9,9,true,0.465774, 1000,140480| 556228
1,0,9,true,0.474444, 1043,141590| 562924
1,1,9,true,0.478652, 1043,141590| 562924
1,2,9,true,0.510406, 1043,141590| 562924
1,3,9,true,0.4808, 1043,141590| 562924
1,4,9,true,0.481242, 1043,141590| 562924
1,5,9,true,0.481992, 1043,141590| 562924
1,6,9,true,0.479353, 1043,141590| 562924
1,7,9,true,0.49815, 1043,141590| 562924
1,8,9,true,0.480195, 1043,141590| 562924
1,9,9,true,0.479507, 1043,141590| 562924
2,0,9,true,0.504366, 1198,148736| 602388
2,1,9,true,0.491042, 1198,148736| 602388
2,2,9,true,0.489182, 1198,148736| 602388
2,3,9,true,0.494785, 1198,148736| 602388
2,4,9,true,0.491386, 1198,148736| 602388
2,5,9,true,0.498036, 1198,148736| 602388
2,6,9,true,0.493822, 1198,148736| 602388
2,7,9,true,0.500648, 1198,148736| 602388
2,8,9,true,0.489581, 1198,148736| 602388
2,9,9,true,0.486236, 1198,148736| 602388
3,0,9,true,0.490917, 1216,147478| 593976
3,1,9,true,0.490704, 1216,147478| 593976
3,2,9,true,0.504878, 1216,147478| 593976
3,3,9,true,0.499411, 1216,147478| 593976
3,4,9,true,0.491199, 1216,147478| 593976
3,5,9,true,0.50252, 1216,147478| 593976
3,6,9,true,0.497068, 1216,147478| 593976
3,7,9,true,0.506324, 1216,147478| 593976
3,8,9,true,0.491829, 1216,147478| 593976
3,9,9,true,0.501038, 1216,147478| 593976
4,0,9,true,0.471165, 865,137828| 541934
4,1,9,true,0.471064, 865,137828| 541934
4,2,9,true,0.458255, 865,137828| 541934
4,3,9,true,0.455799, 865,137828| 541934
4,4,9,true,0.460585, 865,137828| 541934
4,5,9,true,0.452896, 865,137828| 541934
4,6,9,true,0.452374, 865,137828| 541934
4,7,9,true,0.468887, 865,137828| 541934
4,8,9,true,0.468055, 865,137828| 541934
4,9,9,true,0.453191, 865,137828| 541934
5,0,9,true,0.463739, 1137,141408| 565000
5,1,9,true,0.4676, 1137,141408| 565000
5,2,9,true,0.466909, 1137,141408| 565000
5,3,9,true,0.473691, 1137,141408| 565000
5,4,9,true,0.465965, 1137,141408| 565000
5,5,9,true,0.469187, 1137,141408| 565000
5,6,9,true,0.470491, 1137,141408| 565000
5,7,9,true,0.471309, 1137,141408| 565000
5,8,9,true,0.465997, 1137,141408| 565000
5,9,9,true,0.47158, 1137,141408| 565000
6,0,9,true,0.49434, 1026,143194| 571018
6,1,9,true,0.487247, 1026,143194| 571018
6,2,9,true,0.485119, 1026,143194| 571018
6,3,9,true,0.478268, 1026,143194| 571018
6,4,9,true,0.490875, 1026,143194| 571018
6,5,9,true,0.493195, 1026,143194| 571018
6,6,9,true,0.486367, 1026,143194| 571018
6,7,9,true,0.4825, 1026,143194| 571018
6,8,9,true,0.488824, 1026,143194| 571018
6,9,9,true,0.483392, 1026,143194| 571018
7,0,9,true,0.474946, 986,139408| 553070
7,1,9,true,0.464507, 986,139408| 553070
7,2,9,true,0.459597, 986,139408| 553070
7,3,9,true,0.458765, 986,139408| 553070
7,4,9,true,0.461545, 986,139408| 553070
7,5,9,true,0.459805, 986,139408| 553070
7,6,9,true,0.462838, 986,139408| 553070
7,7,9,true,0.469952, 986,139408| 553070
7,8,9,true,0.472378, 986,139408| 553070
7,9,9,true,0.497895, 986,139408| 553070
8,0,9,true,0.494092, 1161,148590| 598894
8,1,9,true,0.518388, 1161,148590| 598894
8,2,9,true,0.500529, 1161,148590| 598894
8,3,9,true,0.490047, 1161,148590| 598894
8,4,9,true,0.501321, 1161,148590| 598894
8,5,9,true,0.492833, 1161,148590| 598894
8,6,9,true,0.488111, 1161,148590| 598894
8,7,9,true,0.487039, 1161,148590| 598894
8,8,9,true,0.490865, 1161,148590| 598894
8,9,9,true,0.491074, 1161,148590| 598894
9,0,9,true,0.481421, 1091,142594| 570626
9,1,9,true,0.480673, 1091,142594| 570626
9,2,9,true,0.48196, 1091,142594| 570626
9,3,9,true,0.486135, 1091,142594| 570626
9,4,9,true,0.479228, 1091,142594| 570626
9,5,9,true,0.480196, 1091,142594| 570626
9,6,9,true,0.478712, 1091,142594| 570626
9,7,9,true,0.478904, 1091,142594| 570626
9,8,9,true,0.479372, 1091,142594| 570626
9,9,9,true,0.482705, 1091,142594| 570626
10,0,9,true,0.0486698, 302,21562| 68534
10,1,9,true,0.0468917, 302,21562| 68534
10,2,9,true,0.0467327, 302,21562| 68534
10,3,9,true,0.046577, 302,21562| 68534
10,4,9,true,0.0463486, 302,21562| 68534
10,5,9,true,0.0468802, 302,21562| 68534
10,6,9,true,0.0469034, 302,21562| 68534
10,7,9,true,0.0463443, 302,21562| 68534
10,8,9,true,0.0466259, 302,21562| 68534
10,9,9,true,0.0467539, 302,21562| 68534
11,0,9,true,3.90503, 153837,246106| 1073642
11,1,9,true,3.89727, 153837,246106| 1073642
11,2,9,true,3.90201, 153837,246106| 1073642
11,3,9,true,3.91562, 153837,246106| 1073642
11,4,9,true,3.92705, 153837,246106| 1073642
11,5,9,true,3.90526, 153837,246106| 1073642
11,6,9,true,3.89408, 153837,246106| 1073642
11,7,9,true,3.89047, 153837,246106| 1073642
11,8,9,true,3.90498, 153837,246106| 1073642
11,9,9,true,3.89319, 153837,246106| 1073642
0,0,10,false,0.575515, 2571,472050
0,1,10,false,0.57656, 2571,472050
0,2,10,false,0.570477, 2571,472050
0,3,10,false,0.582898, 2571,472050
0,4,10,false,0.576807, 2571,472050
0,5,10,false,0.574458, 2571,472050
0,6,10,false,0.577984, 2571,472050
0,7,10,false,0.581885, 2571,472050
0,8,10,false,0.589411, 2571,472050
0,9,10,false,0.570746, 2571,472050
1,0,10,false,0.573154, 2727,480474
1,1,10,false,0.577703, 2727,480474
1,2,10,false,0.571041, 2727,480474
1,3,10,false,0.57623, 2727,480474
1,4,10,false,0.573535, 2727,480474
1,5,10,false,0.575374, 2727,480474
1,6,10,false,0.576509, 2727,480474
1,7,10,false,0.573386, 2727,480474
1,8,10,false,0.570778, 2727,480474
1,9,10,false,0.606035, 2727,480474
2,0,10,false,0.62346, 3401,516568
2,1,10,false,0.611631, 3401,516568
2,2,10,false,0.619155, 3401,516568
2,3,10,false,0.614442, 3401,516568
2,4,10,false,0.643711, 3401,516568
2,5,10,false,0.614166, 3401,516568
2,6,10,false,0.623522, 3401,516568
2,7,10,false,0.615259, 3401,516568
2,8,10,false,0.60258, 3401,516568
2,9,10,false,0.616947, 3401,516568
3,0,10,false,0.603663, 3244,503794
3,1,10,false,0.604446, 3244,503794
3,2,10,false,0.603557, 3244,503794
3,3,10,false,0.605736, 3244,503794
3,4,10,false,0.603987, 3244,503794
3,5,10,false,0.64475, 3244,503794
3,6,10,false,0.605021, 3244,503794
3,7,10,false,0.608542, 3244,503794
3,8,10,false,0.632611, 3244,503794
3,9,10,false,0.611401, 3244,503794
4,0,10,false,0.557957, 2240,459568
4,1,10,false,0.556011, 2240,459568
4,2,10,false,0.555196, 2240,459568
4,3,10,false,0.557287, 2240,459568
4,4,10,false,0.552125, 2240,459568
4,5,10,false,0.556022, 2240,459568
4,6,10,false,0.551487, 2240,459568
4,7,10,false,0.562729, 2240,459568
4,8,10,false,0.549103, 2240,459568
4,9,10,false,0.551563, 2240,459568
5,0,10,false,0.563919, 2867,476318
5,1,10,false,0.565545, 2867,476318
5,2,10,false,0.570161, 2867,476318
5,3,10,false,0.567665, 2867,476318
5,4,10,false,0.562872, 2867,476318
5,5,10,false,0.587967, 2867,476318
5,6,10,false,0.571214, 2867,476318
5,7,10,false,0.565773, 2867,476318
5,8,10,false,0.569825, 2867,476318
5,9,10,false,0.561494, 2867,476318
6,0,10,false,0.569753, 2686,479690
6,1,10,false,0.571948, 2686,479690
6,2,10,false,0.571945, 2686,479690
6,3,10,false,0.573263, 2686,479690
6,4,10,false,0.576812, 2686,479690
6,5,10,false,0.595568, 2686,479690
6,6,10,false,0.572145, 2686,479690
6,7,10,false,0.598345, 2686,479690
6,8,10,false,0.569838, 2686,479690
6,9,10,false,0.580719, 2686,479690
7,0,10,false,0.574518, 2622,467732
7,1,10,false,0.565262, 2622,467732
7,2,10,false,0.57033, 2622,467732
7,3,10,false,0.570307, 2622,467732
7,4,10,false,0.570507, 2622,467732
7,5,10,false,0.569139, 2622,467732
7,6,10,false,0.575094, 2622,467732
7,7,10,false,0.562002, 2622,467732
7,8,10,false,0.570419, 2622,467732
7,9,10,false,0.563514, 2622,467732
8,0,10,false,0.607333, 3255,507770
8,1,10,false,0.604509, 3255,507770
8,2,10,false,0.608598, 3255,507770
8,3,10,false,0.623605, 3255,507770
8,4,10,false,0.608151, 3255,507770
8,5,10,false,0.600181, 3255,507770
8,6,10,false,0.599083, 3255,507770
8,7,10,false,0.607979, 3255,507770
8,8,10,false,0.607494, 3255,507770
8,9,10,false,0.610703, 3255,507770
9,0,10,false,0.578533, 2933,487260
9,1,10,false,0.58776, 2933,487260
9,2,10,false,0.598722, 2933,487260
9,3,10,false,0.580299, 2933,487260
9,4,10,false,0.579136, 2933,487260
9,5,10,false,0.580753, 2933,487260
9,6,10,false,0.582652, 2933,487260
9,7,10,false,0.579942, 2933,487260
9,8,10,false,0.58267, 2933,487260
9,9,10,false,0.579212, 2933,487260
10,0,10,false,0.0472431, 449,54698
10,1,10,false,0.0454135, 449,54698
10,2,10,false,0.0450923, 449,54698
10,3,10,false,0.0452387, 449,54698
10,4,10,false,0.0452101, 449,54698
10,5,10,false,0.0450428, 449,54698
10,6,10,false,0.0453455, 449,54698
10,7,10,false,0.0447071, 449,54698
10,8,10,false,0.0449572, 449,54698
10,9,10,false,0.0451105, 449,54698
11,0,10,false,14.8469, 537073,1030758
11,1,10,false,14.836, 537073,1030758
11,2,10,false,14.8737, 537073,1030758
11,3,10,false,14.8548, 537073,1030758
11,4,10,false,14.856, 537073,1030758
11,5,10,false,14.8564, 537073,1030758
11,6,10,false,14.8509, 537073,1030758
11,7,10,false,14.8428, 537073,1030758
11,8,10,false,14.8654, 537073,1030758
11,9,10,false,14.8751, 537073,1030758
0,0,10,true,0.503043, 2571,415748
0,1,10,true,0.488911, 2571,415748
0,2,10,true,0.48725, 2571,415748
0,3,10,true,0.483836, 2571,415748
0,4,10,true,0.478717, 2571,415748
0,5,10,true,0.481177, 2571,415748
0,6,10,true,0.483311, 2571,415748
0,7,10,true,0.489626, 2571,415748
0,8,10,true,0.480533, 2571,415748
0,9,10,true,0.47922, 2571,415748
1,0,10,true,0.508618, 2727,421334
1,1,10,true,0.496851, 2727,421334
1,2,10,true,0.496524, 2727,421334
1,3,10,true,0.552398, 2727,421334
1,4,10,true,0.498556, 2727,421334
1,5,10,true,0.5032, 2727,421334
1,6,10,true,0.507688, 2727,421334
1,7,10,true,0.505763, 2727,421334
1,8,10,true,0.500888, 2727,421334
1,9,10,true,0.502845, 2727,421334
2,0,10,true,0.528885, 3401,453652
2,1,10,true,0.517245, 3401,453652
2,2,10,true,0.522202, 3401,453652
2,3,10,true,0.517557, 3401,453652
2,4,10,true,0.524838, 3401,453652
2,5,10,true,0.533054, 3401,453652
2,6,10,true,0.518433, 3401,453652
2,7,10,true,0.522738, 3401,453652
2,8,10,true,0.523388, 3401,453652
2,9,10,true,0.524763, 3401,453652
3,0,10,true,0.522879, 3244,446498
3,1,10,true,0.528961, 3244,446498
3,2,10,true,0.559119, 3244,446498
3,3,10,true,0.521998, 3244,446498
3,4,10,true,0.519465, 3244,446498
3,5,10,true,0.524358, 3244,446498
3,6,10,true,0.515289, 3244,446498
3,7,10,true,0.524682, 3244,446498
3,8,10,true,0.521932, 3244,446498
3,9,10,true,0.524131, 3244,446498
4,0,10,true,0.472701, 2240,404106
4,1,10,true,0.479286, 2240,404106
4,2,10,true,0.468876, 2240,404106
4,3,10,true,0.468883, 2240,404106
4,4,10,true,0.471776, 2240,404106
4,5,10,true,0.475156, 2240,404106
4,6,10,true,0.467207, 2240,404106
4,7,10,true,0.475764, 2240,404106
4,8,10,true,0.470215, 2240,404106
4,9,10,true,0.474572, 2240,404106
5,0,10,true,0.491913, 2867,423592
5,1,10,true,0.500927, 2867,423592
5,2,10,true,0.529489, 2867,423592
5,3,10,true,0.498617, 2867,423592
5,4,10,true,0.498888, 2867,423592
5,5,10,true,0.494887, 2867,423592
5,6,10,true,0.497139, 2867,423592
5,7,10,true,0.487533, 2867,423592
5,8,10,true,0.507507, 2867,423592
5,9,10,true,0.49314, 2867,423592
6,0,10,true,0.501635, 2686,427824
6,1,10,true,0.507946, 2686,427824
6,2,10,true,0.504021, 2686,427824
6,3,10,true,0.514158, 2686,427824
6,4,10,true,0.511328, 2686,427824
6,5,10,true,0.505524, 2686,427824
6,6,10,true,0.51976, 2686,427824
6,7,10,true,0.506861, 2686,427824
6,8,10,true,0.504283, 2686,427824
6,9,10,true,0.508036, 2686,427824
7,0,10,true,0.481852, 2622,413662
7,1,10,true,0.481452, 2622,413662
7,2,10,true,0.494269, 2622,413662
7,3,10,true,0.482949, 2622,413662
7,4,10,true,0.477744, 2622,413662
7,5,10,true,0.480033, 2622,413662
7,6,10,true,0.488917, 2622,413662
7,7,10,true,0.481243, 2622,413662
7,8,10,true,0.478861, 2622,413662
7,9,10,true,0.484213, 2622,413662
8,0,10,true,0.521847, 3255,450304
8,1,10,true,0.521973, 3255,450304
8,2,10,true,0.523081, 3255,450304
8,3,10,true,0.523463, 3255,450304
8,4,10,true,0.52973, 3255,450304
8,5,10,true,0.522187, 3255,450304
8,6,10,true,0.524641, 3255,450304
8,7,10,true,0.525329, 3255,450304
8,8,10,true,0.52761, 3255,450304
8,9,10,true,0.525723, 3255,450304
9,0,10,true,0.504924, 2933,428032
9,1,10,true,0.539262, 2933,428032
9,2,10,true,0.509265, 2933,428032
9,3,10,true,0.505395, 2933,428032
9,4,10,true,0.506286, 2933,428032
9,5,10,true,0.498535, 2933,428032
9,6,10,true,0.503465, 2933,428032
9,7,10,true,0.530818, 2933,428032
9,8,10,true,0.498803, 2933,428032
9,9,10,true,0.499217, 2933,428032
10,0,10,true,0.0401764, 449,46972
10,1,10,true,0.0391748, 449,46972
10,2,10,true,0.0389702, 449,46972
10,3,10,true,0.0391824, 449,46972
10,4,10,true,0.039211, 449,46972
10,5,10,true,0.0391912, 449,46972
10,6,10,true,0.0388718, 449,46972
10,7,10,true,0.039115, 449,46972
10,8,10,true,0.0389726, 449,46972
10,9,10,true,0.0389178, 449,46972
11,0,10,true,14.2558, 537073,827536
11,1,10,true,14.2709, 537073,827536
11,2,10,true,14.2549, 537073,827536
11,3,10,true,14.2527, 537073,827536
11,4,10,true,14.2453, 537073,827536
11,5,10,true,14.3784, 537073,827536
11,6,10,true,14.2893, 537073,827536
11,7,10,true,14.2564, 537073,827536
11,8,10,true,14.2495, 537073,827536
11,9,10,true,14.2617, 537073,827536
0,0,11,false,1.79608, 6902,472050| 1868366
0,1,11,false,1.78626, 6902,472050| 1868366
0,2,11,false,1.77087, 6902,472050| 1868366
0,3,11,false,1.77507, 6902,472050| 1868366
0,4,11,false,1.81372, 6902,472050| 1868366
0,5,11,false,1.78229, 6902,472050| 1868366
0,6,11,false,1.80363, 6902,472050| 1868366
0,7,11,false,1.77631, 6902,472050| 1868366
0,8,11,false,1.77589, 6902,472050| 1868366
0,9,11,false,1.76869, 6902,472050| 1868366
1,0,11,false,1.81342, 7362,480474| 1911282
1,1,11,false,1.79542, 7362,480474| 1911282
1,2,11,false,1.81415, 7362,480474| 1911282
1,3,11,false,1.79239, 7362,480474| 1911282
1,4,11,false,1.8031, 7362,480474| 1911282
1,5,11,false,1.83859, 7362,480474| 1911282
1,6,11,false,1.79529, 7362,480474| 1911282
1,7,11,false,1.80228, 7362,480474| 1911282
1,8,11,false,1.80869, 7362,480474| 1911282
1,9,11,false,1.8184, 7362,480474| 1911282
2,0,11,false,1.87734, 9284,516568| 2087698
2,1,11,false,1.93094, 9284,516568| 2087698
2,2,11,false,1.89979, 9284,516568| 2087698
2,3,11,false,1.8952, 9284,516568| 2087698
2,4,11,false,1.89581, 9284,516568| 2087698
2,5,11,false,1.90563, 9284,516568| 2087698
2,6,11,false,1.92012, 9284,516568| 2087698
2,7,11,false,1.90519, 9284,516568| 2087698
2,8,11,false,1.87409, 9284,516568| 2087698
2,9,11,false,1.8885, 9284,516568| 2087698
3,0,11,false,1.85459, 9067,503794| 2028860
3,1,11,false,1.87719, 9067,503794| 2028860
3,2,11,false,1.85952, 9067,503794| 2028860
3,3,11,false,1.86656, 9067,503794| 2028860
3,4,11,false,1.8588, 9067,503794| 2028860
3,5,11,false,1.86461, 9067,503794| 2028860
3,6,11,false,1.85999, 9067,503794| 2028860
3,7,11,false,1.86705, 9067,503794| 2028860
3,8,11,false,1.86224, 9067,503794| 2028860
3,9,11,false,1.84651, 9067,503794| 2028860
4,0,11,false,1.7261, 6150,459568| 1803414
4,1,11,false,1.73004, 6150,459568| 1803414
4,2,11,false,1.70045, 6150,459568| 1803414
4,3,11,false,1.74987, 6150,459568| 1803414
4,4,11,false,1.73807, 6150,459568| 1803414
4,5,11,false,1.73133, 6150,459568| 1803414
4,6,11,false,1.70069, 6150,459568| 1803414
4,7,11,false,1.71737, 6150,459568| 1803414
4,8,11,false,1.7391, 6150,459568| 1803414
4,9,11,false,1.71796, 6150,459568| 1803414
5,0,11,false,1.72321, 7802,476318| 1902690
5,1,11,false,1.75723, 7802,476318| 1902690
5,2,11,false,1.77011, 7802,476318| 1902690
5,3,11,false,1.75696, 7802,476318| 1902690
5,4,11,false,1.74473, 7802,476318| 1902690
5,5,11,false,1.75162, 7802,476318| 1902690
5,6,11,false,1.75121, 7802,476318| 1902690
5,7,11,false,1.75905, 7802,476318| 1902690
5,8,11,false,1.75973, 7802,476318| 1902690
5,9,11,false,1.75238, 7802,476318| 1902690
6,0,11,false,1.74938, 7532,479690| 1910740
6,1,11,false,1.72724, 7532,479690| 1910740
6,2,11,false,1.75282, 7532,479690| 1910740
6,3,11,false,1.76175, 7532,479690| 1910740
6,4,11,false,1.7478, 7532,479690| 1910740
6,5,11,false,1.75162, 7532,479690| 1910740
6,6,11,false,1.73794, 7532,479690| 1910740
6,7,11,false,1.72722, 7532,479690| 1910740
6,8,11,false,1.73653, 7532,479690| 1910740
6,9,11,false,1.74074, 7532,479690| 1910740
7,0,11,false,1.71003, 7104,467732| 1855028
7,1,11,false,1.72412, 7104,467732| 1855028
7,2,11,false,1.7192, 7104,467732| 1855028
7,3,11,false,1.69312, 7104,467732| 1855028
7,4,11,false,1.7071, 7104,467732| 1855028
7,5,11,false,1.7353, 7104,467732| 1855028
7,6,11,false,1.7215, 7104,467732| 1855028
7,7,11,false,1.71187, 7104,467732| 1855028
7,8,11,false,1.7283, 7104,467732| 1855028
7,9,11,false,1.72306, 7104,467732| 1855028
8,0,11,false,1.92599, 9006,507770| 2046188
8,1,11,false,1.84979, 9006,507770| 2046188
8,2,11,false,1.85711, 9006,507770| 2046188
8,3,11,false,1.88773, 9006,507770| 2046188
8,4,11,false,1.88919, 9006,507770| 2046188
8,5,11,false,1.86107, 9006,507770| 2046188
8,6,11,false,1.86206, 9006,507770| 2046188
8,7,11,false,1.86417, 9006,507770| 2046188
8,8,11,false,1.87111, 9006,507770| 2046188
8,9,11,false,1.84913, 9006,507770| 2046188
9,0,11,false,1.75788, 7968,487260| 1950110
9,1,11,false,1.776, 7968,487260| 1950110
9,2,11,false,1.7594, 7968,487260| 1950110
9,3,11,false,1.7659, 7968,487260| 1950110
9,4,11,false,1.76496, 7968,487260| 1950110
9,5,11,false,1.74196, 7968,487260| 1950110
9,6,11,false,1.75498, 7968,487260| 1950110
9,7,11,false,1.77545, 7968,487260| 1950110
9,8,11,false,1.76763, 7968,487260| 1950110
9,9,11,false,1.78742, 7968,487260| 1950110
10,0,11,false,0.118339, 760,54698| 172864
10,1,11,false,0.119749, 760,54698| 172864
10,2,11,false,0.118258, 760,54698| 172864
10,3,11,false,0.120887, 760,54698| 172864
10,4,11,false,0.119345, 760,54698| 172864
10,5,11,false,0.117806, 760,54698| 172864
10,6,11,false,0.117762, 760,54698| 172864
10,7,11,false,0.118465, 760,54698| 172864
10,8,11,false,0.117051, 760,54698| 172864
10,9,11,false,0.118589, 760,54698| 172864
11,0,11,false,71.6406, 1927308,1030758| 4703588
11,1,11,false,71.5241, 1927308,1030758| 4703588
11,2,11,false,71.6712, 1927308,1030758| 4703588
11,3,11,false,71.5921, 1927308,1030758| 4703588
11,4,11,false,71.7178, 1927308,1030758| 4703588
11,5,11,false,71.5926, 1927308,1030758| 4703588
11,6,11,false,71.4376, 1927308,1030758| 4703588
11,7,11,false,71.5784, 1927308,1030758| 4703588
11,8,11,false,71.6585, 1927308,1030758| 4703588
11,9,11,false,71.6269, 1927308,1030758| 4703588
0,0,11,true,1.51009, 6902,415748| 1645646
0,1,11,true,1.49567, 6902,415748| 1645646
0,2,11,true,1.50456, 6902,415748| 1645646
0,3,11,true,1.51413, 6902,415748| 1645646
0,4,11,true,1.49653, 6902,415748| 1645646
0,5,11,true,1.50283, 6902,415748| 1645646
0,6,11,true,1.49559, 6902,415748| 1645646
0,7,11,true,1.5134, 6902,415748| 1645646
0,8,11,true,1.48725, 6902,415748| 1645646
0,9,11,true,1.51826, 6902,415748| 1645646
1,0,11,true,1.53278, 7362,421334| 1674622
1,1,11,true,1.50852, 7362,421334| 1674622
1,2,11,true,1.51909, 7362,421334| 1674622
1,3,11,true,1.5138, 7362,421334| 1674622
1,4,11,true,1.52106, 7362,421334| 1674622
1,5,11,true,1.52711, 7362,421334| 1674622
1,6,11,true,1.56682, 7362,421334| 1674622
1,7,11,true,1.52457, 7362,421334| 1674622
1,8,11,true,1.52741, 7362,421334| 1674622
1,9,11,true,1.50474, 7362,421334| 1674622
2,0,11,true,1.64116, 9284,453652| 1832746
2,1,11,true,1.65125, 9284,453652| 1832746
2,2,11,true,1.66212, 9284,453652| 1832746
2,3,11,true,1.66355, 9284,453652| 1832746
2,4,11,true,1.64811, 9284,453652| 1832746
2,5,11,true,1.64619, 9284,453652| 1832746
2,6,11,true,1.63154, 9284,453652| 1832746
2,7,11,true,1.64353, 9284,453652| 1832746
2,8,11,true,1.64502, 9284,453652| 1832746
2,9,11,true,1.65174, 9284,453652| 1832746
3,0,11,true,1.63179, 9067,446498| 1798552
3,1,11,true,1.62341, 9067,446498| 1798552
3,2,11,true,1.61401, 9067,446498| 1798552
3,3,11,true,1.61922, 9067,446498| 1798552
3,4,11,true,1.63013, 9067,446498| 1798552
3,5,11,true,1.62117, 9067,446498| 1798552
3,6,11,true,1.62297, 9067,446498| 1798552
3,7,11,true,1.64161, 9067,446498| 1798552
3,8,11,true,1.62444, 9067,446498| 1798552
3,9,11,true,1.63084, 9067,446498| 1798552
4,0,11,true,1.48759, 6150,404106| 1585058
4,1,11,true,1.48359, 6150,404106| 1585058
4,2,11,true,1.4706, 6150,404106| 1585058
4,3,11,true,1.48129, 6150,404106| 1585058
4,4,11,true,1.47768, 6150,404106| 1585058
4,5,11,true,1.49037, 6150,404106| 1585058
4,6,11,true,1.49328, 6150,404106| 1585058
4,7,11,true,1.49803, 6150,404106| 1585058
4,8,11,true,1.46802, 6150,404106| 1585058
4,9,11,true,1.48004, 6150,404106| 1585058
5,0,11,true,1.51882, 7802,423592| 1692254
5,1,11,true,1.53264, 7802,423592| 1692254
5,2,11,true,1.5223, 7802,423592| 1692254
5,3,11,true,1.53042, 7802,423592| 1692254
5,4,11,true,1.52121, 7802,423592| 1692254
5,5,11,true,1.54058, 7802,423592| 1692254
5,6,11,true,1.5156, 7802,423592| 1692254
5,7,11,true,1.51294, 7802,423592| 1692254
5,8,11,true,1.51336, 7802,423592| 1692254
5,9,11,true,1.5204, 7802,423592| 1692254
6,0,11,true,1.56543, 7532,427824| 1704184
6,1,11,true,1.56315, 7532,427824| 1704184
6,2,11,true,1.56707, 7532,427824| 1704184
6,3,11,true,1.56938, 7532,427824| 1704184
6,4,11,true,1.56621, 7532,427824| 1704184
6,5,11,true,1.55189, 7532,427824| 1704184
6,6,11,true,1.56938, 7532,427824| 1704184
6,7,11,true,1.55793, 7532,427824| 1704184
6,8,11,true,1.54554, 7532,427824| 1704184
6,9,11,true,1.56074, 7532,427824| 1704184
7,0,11,true,1.48253, 7104,413662| 1639608
7,1,11,true,1.47964, 7104,413662| 1639608
7,2,11,true,1.47987, 7104,413662| 1639608
7,3,11,true,1.49525, 7104,413662| 1639608
7,4,11,true,1.4968, 7104,413662| 1639608
7,5,11,true,1.48989, 7104,413662| 1639608
7,6,11,true,1.48949, 7104,413662| 1639608
7,7,11,true,1.49692, 7104,413662| 1639608
7,8,11,true,1.47881, 7104,413662| 1639608
7,9,11,true,1.49032, 7104,413662| 1639608
8,0,11,true,1.63181, 9006,450304| 1815186
8,1,11,true,1.60439, 9006,450304| 1815186
8,2,11,true,1.62907, 9006,450304| 1815186
8,3,11,true,1.62791, 9006,450304| 1815186
8,4,11,true,1.63126, 9006,450304| 1815186
8,5,11,true,1.62151, 9006,450304| 1815186
8,6,11,true,1.61329, 9006,450304| 1815186
8,7,11,true,1.63355, 9006,450304| 1815186
8,8,11,true,1.62251, 9006,450304| 1815186
8,9,11,true,1.62496, 9006,450304| 1815186
9,0,11,true,1.56104, 7968,428032| 1713158
9,1,11,true,1.56269, 7968,428032| 1713158
9,2,11,true,1.57182, 7968,428032| 1713158
9,3,11,true,1.56052, 7968,428032| 1713158
9,4,11,true,1.59885, 7968,428032| 1713158
9,5,11,true,1.58616, 7968,428032| 1713158
9,6,11,true,1.56574, 7968,428032| 1713158
9,7,11,true,1.569, 7968,428032| 1713158
9,8,11,true,1.56971, 7968,428032| 1713158
9,9,11,true,1.56781, 7968,428032| 1713158
10,0,11,true,0.101497, 760,46972| 149592
10,1,11,true,0.0991073, 760,46972| 149592
10,2,11,true,0.100661, 760,46972| 149592
10,3,11,true,0.0992284, 760,46972| 149592
10,4,11,true,0.0993738, 760,46972| 149592
10,5,11,true,0.101917, 760,46972| 149592
10,6,11,true,0.0989978, 760,46972| 149592
10,7,11,true,0.135333, 760,46972| 149592
10,8,11,true,0.103206, 760,46972| 149592
10,9,11,true,0.100344, 760,46972| 149592
11,0,11,true,69.498, 1927308,827536| 3867274
11,1,11,true,69.3843, 1927308,827536| 3867274
11,2,11,true,69.4772, 1927308,827536| 3867274
11,3,11,true,69.4581, 1927308,827536| 3867274
11,4,11,true,69.3034, 1927308,827536| 3867274
11,5,11,true,69.5482, 1927308,827536| 3867274
11,6,11,true,69.441, 1927308,827536| 3867274
11,7,11,true,69.4735, 1927308,827536| 3867274
11,8,11,true,69.5596, 1927308,827536| 3867274
11,9,11,true,69.4868, 1927308,827536| 3867274
0,0,12,false,1.89629, 18562,1396316
0,1,12,false,1.87172, 18562,1396316
0,2,12,false,1.87639, 18562,1396316
0,3,12,false,1.86826, 18562,1396316
0,4,12,false,1.87496, 18562,1396316
0,5,12,false,1.88142, 18562,1396316
0,6,12,false,1.88341, 18562,1396316
0,7,12,false,1.86695, 18562,1396316
0,8,12,false,1.87163, 18562,1396316
0,9,12,false,1.87484, 18562,1396316
1,0,12,false,1.90338, 19793,1430808
1,1,12,false,1.91076, 19793,1430808
1,2,12,false,1.92575, 19793,1430808
1,3,12,false,1.90362, 19793,1430808
1,4,12,false,1.90887, 19793,1430808
1,5,12,false,1.90521, 19793,1430808
1,6,12,false,1.91047, 19793,1430808
1,7,12,false,1.90406, 19793,1430808
1,8,12,false,1.90749, 19793,1430808
1,9,12,false,1.90365, 19793,1430808
2,0,12,false,2.12201, 25494,1571130
2,1,12,false,2.14051, 25494,1571130
2,2,12,false,2.12457, 25494,1571130
2,3,12,false,2.12295, 25494,1571130
2,4,12,false,2.12821, 25494,1571130
2,5,12,false,2.12164, 25494,1571130
2,6,12,false,2.11772, 25494,1571130
2,7,12,false,2.12171, 25494,1571130
2,8,12,false,2.12228, 25494,1571130
2,9,12,false,2.11203, 25494,1571130
3,0,12,false,2.05495, 24628,1525066
3,1,12,false,2.07323, 24628,1525066
3,2,12,false,2.05489, 24628,1525066
3,3,12,false,2.06408, 24628,1525066
3,4,12,false,2.06186, 24628,1525066
3,5,12,false,2.06331, 24628,1525066
3,6,12,false,2.09516, 24628,1525066
3,7,12,false,2.07218, 24628,1525066
3,8,12,false,2.06031, 24628,1525066
3,9,12,false,2.06011, 24628,1525066
4,0,12,false,1.79829, 16227,1343846
4,1,12,false,1.84302, 16227,1343846
4,2,12,false,1.80013, 16227,1343846
4,3,12,false,1.80884, 16227,1343846
4,4,12,false,1.81865, 16227,1343846
4,5,12,false,1.79516, 16227,1343846
4,6,12,false,1.79473, 16227,1343846
4,7,12,false,1.80811, 16227,1343846
4,8,12,false,1.79378, 16227,1343846
4,9,12,false,1.80501, 16227,1343846
5,0,12,false,1.94176, 21634,1426372
5,1,12,false,1.92998, 21634,1426372
5,2,12,false,1.95536, 21634,1426372
5,3,12,false,1.92715, 21634,1426372
5,4,12,false,1.92219, 21634,1426372
5,5,12,false,1.94506, 21634,1426372
5,6,12,false,1.93404, 21634,1426372
5,7,12,false,1.94921, 21634,1426372
5,8,12,false,1.94559, 21634,1426372
5,9,12,false,1.91939, 21634,1426372
6,0,12,false,1.91221, 20584,1431050
6,1,12,false,1.92066, 20584,1431050
6,2,12,false,1.89696, 20584,1431050
6,3,12,false,1.91712, 20584,1431050
6,4,12,false,1.9105, 20584,1431050
6,5,12,false,1.90836, 20584,1431050
6,6,12,false,1.91564, 20584,1431050
6,7,12,false,1.90603, 20584,1431050
6,8,12,false,1.9386, 20584,1431050
6,9,12,false,1.91112, 20584,1431050
7,0,12,false,1.86345, 18750,1387296
7,1,12,false,1.86919, 18750,1387296
7,2,12,false,1.86486, 18750,1387296
7,3,12,false,1.88459, 18750,1387296
7,4,12,false,1.87761, 18750,1387296
7,5,12,false,1.86553, 18750,1387296
7,6,12,false,1.86332, 18750,1387296
7,7,12,false,1.8743, 18750,1387296
7,8,12,false,1.86829, 18750,1387296
7,9,12,false,1.86738, 18750,1387296
8,0,12,false,2.07114, 24985,1538418
8,1,12,false,2.08505, 24985,1538418
8,2,12,false,2.0704, 24985,1538418
8,3,12,false,2.0775, 24985,1538418
8,4,12,false,2.07855, 24985,1538418
8,5,12,false,2.08834, 24985,1538418
8,6,12,false,2.0652, 24985,1538418
8,7,12,false,2.07678, 24985,1538418
8,8,12,false,2.07818, 24985,1538418
8,9,12,false,2.08387, 24985,1538418
9,0,12,false,1.96654, 21860,1462850
9,1,12,false,1.95698, 21860,1462850
9,2,12,false,1.96405, 21860,1462850
9,3,12,false,1.96838, 21860,1462850
9,4,12,false,1.95904, 21860,1462850
9,5,12,false,1.95873, 21860,1462850
9,6,12,false,1.97114, 21860,1462850
9,7,12,false,1.963, 21860,1462850
9,8,12,false,1.98112, 21860,1462850
9,9,12,false,1.96462, 21860,1462850
10,0,12,false,0.101704, 1276,118166
10,1,12,false,0.0996273, 1276,118166
10,2,12,false,0.0992227, 1276,118166
10,3,12,false,0.100432, 1276,118166
10,4,12,false,0.099313, 1276,118166
10,5,12,false,0.0991294, 1276,118166
10,6,12,false,0.0990887, 1276,118166
10,7,12,false,0.100711, 1276,118166
10,8,12,false,0.0994823, 1276,118166
10,9,12,false,0.0998499, 1276,118166
11,0,12,false,310.601, 7064437,3672830
11,1,12,false,310.674, 7064437,3672830
11,2,12,false,310.439, 7064437,3672830
11,3,12,false,310.734, 7064437,3672830
11,4,12,false,310.915, 7064437,3672830
11,5,12,false,310.472, 7064437,3672830
11,6,12,false,310.774, 7064437,3672830
11,7,12,false,310.645, 7064437,3672830
11,8,12,false,310.824, 7064437,3672830
11,9,12,false,310.99, 7064437,3672830
0,0,12,true,1.62563, 18562,1229898
0,1,12,true,1.61478, 18562,1229898
0,2,12,true,1.62284, 18562,1229898
0,3,12,true,1.61908, 18562,1229898
0,4,12,true,1.60696, 18562,1229898
0,5,12,true,1.61167, 18562,1229898
0,6,12,true,1.61086, 18562,1229898
0,7,12,true,1.62535, 18562,1229898
0,8,12,true,1.61519, 18562,1229898
0,9,12,true,1.62188, 18562,1229898
1,0,12,true,1.62026, 19793,1253288
1,1,12,true,1.62367, 19793,1253288
1,2,12,true,1.63208, 19793,1253288
1,3,12,true,1.63138, 19793,1253288
1,4,12,true,1.6339, 19793,1253288
1,5,12,true,1.61929, 19793,1253288
1,6,12,true,1.61656, 19793,1253288
1,7,12,true,1.63142, 19793,1253288
1,8,12,true,1.62609, 19793,1253288
1,9,12,true,1.6261, 19793,1253288
2,0,12,true,1.83199, 25494,1379094
2,1,12,true,1.82538, 25494,1379094
2,2,12,true,1.83279, 25494,1379094
2,3,12,true,1.81654, 25494,1379094
2,4,12,true,1.81979, 25494,1379094
2,5,12,true,1.81741, 25494,1379094
2,6,12,true,1.83461, 25494,1379094
2,7,12,true,1.82527, 25494,1379094
2,8,12,true,1.82293, 25494,1379094
2,9,12,true,1.83043, 25494,1379094
3,0,12,true,1.7731, 24628,1352054
3,1,12,true,1.78216, 24628,1352054
3,2,12,true,1.77308, 24628,1352054
3,3,12,true,1.76355, 24628,1352054
3,4,12,true,1.78553, 24628,1352054
3,5,12,true,1.77293, 24628,1352054
3,6,12,true,1.77339, 24628,1352054
3,7,12,true,1.80603, 24628,1352054
3,8,12,true,1.78234, 24628,1352054
3,9,12,true,1.7744, 24628,1352054
4,0,12,true,1.57674, 16227,1180952
4,1,12,true,1.57562, 16227,1180952
4,2,12,true,1.57334, 16227,1180952
4,3,12,true,1.59552, 16227,1180952
4,4,12,true,1.60203, 16227,1180952
4,5,12,true,1.57189, 16227,1180952
4,6,12,true,1.57785, 16227,1180952
4,7,12,true,1.57033, 16227,1180952
4,8,12,true,1.58141, 16227,1180952
4,9,12,true,1.56403, 16227,1180952
5,0,12,true,1.65583, 21634,1268662
5,1,12,true,1.6394, 21634,1268662
5,2,12,true,1.64564, 21634,1268662
5,3,12,true,1.64298, 21634,1268662
5,4,12,true,1.6363, 21634,1268662
5,5,12,true,1.63883, 21634,1268662
5,6,12,true,1.64422, 21634,1268662
5,7,12,true,1.63551, 21634,1268662
5,8,12,true,1.63586, 21634,1268662
5,9,12,true,1.63668, 21634,1268662
6,0,12,true,1.67869, 20584,1276360
6,1,12,true,1.67277, 20584,1276360
6,2,12,true,1.70605, 20584,1276360
6,3,12,true,1.68273, 20584,1276360
6,4,12,true,1.67355, 20584,1276360
6,5,12,true,1.67651, 20584,1276360
6,6,12,true,1.67688, 20584,1276360
6,7,12,true,1.68126, 20584,1276360
6,8,12,true,1.70522, 20584,1276360
6,9,12,true,1.6851, 20584,1276360
7,0,12,true,1.59929, 18750,1225946
7,1,12,true,1.58981, 18750,1225946
7,2,12,true,1.58736, 18750,1225946
7,3,12,true,1.59589, 18750,1225946
7,4,12,true,1.61721, 18750,1225946
7,5,12,true,1.59777, 18750,1225946
7,6,12,true,1.58975, 18750,1225946
7,7,12,true,1.59192, 18750,1225946
7,8,12,true,1.59373, 18750,1225946
7,9,12,true,1.59542, 18750,1225946
8,0,12,true,1.78528, 24985,1364882
8,1,12,true,1.80326, 24985,1364882
8,2,12,true,1.78625, 24985,1364882
8,3,12,true,1.78289, 24985,1364882
8,4,12,true,1.79207, 24985,1364882
8,5,12,true,1.79503, 24985,1364882
8,6,12,true,1.79427, 24985,1364882
8,7,12,true,1.78223, 24985,1364882
8,8,12,true,1.77476, 24985,1364882
8,9,12,true,1.77049, 24985,1364882
9,0,12,true,1.68675, 21860,1285126
9,1,12,true,1.69062, 21860,1285126
9,2,12,true,1.69532, 21860,1285126
9,3,12,true,1.69042, 21860,1285126
9,4,12,true,1.689, 21860,1285126
9,5,12,true,1.69334, 21860,1285126
9,6,12,true,1.68593, 21860,1285126
9,7,12,true,1.68838, 21860,1285126
9,8,12,true,1.72088, 21860,1285126
9,9,12,true,1.68916, 21860,1285126
10,0,12,true,0.088907, 1276,102620
10,1,12,true,0.0858228, 1276,102620
10,2,12,true,0.0861475, 1276,102620
10,3,12,true,0.0863757, 1276,102620
10,4,12,true,0.0873899, 1276,102620
10,5,12,true,0.0858333, 1276,102620
10,6,12,true,0.0859778, 1276,102620
10,7,12,true,0.0859013, 1276,102620
10,8,12,true,0.085294, 1276,102620
10,9,12,true,0.0851789, 1276,102620
11,0,12,true,304.199, 7064437,3039738
11,1,12,true,303.957, 7064437,3039738
11,2,12,true,304.108, 7064437,3039738
11,3,12,true,304.057, 7064437,3039738
11,4,12,true,304.068, 7064437,3039738
11,5,12,true,304.157, 7064437,3039738
11,6,12,true,304.178, 7064437,3039738
11,7,12,true,303.998, 7064437,3039738
11,8,12,true,304.11, 7064437,3039738
11,9,12,true,304.134, 7064437,3039738
0,0,13,false,5.33145, 50746,1396316| 5525034
0,1,13,false,5.28626, 50746,1396316| 5525034
0,2,13,false,5.34705, 50746,1396316| 5525034
0,3,13,false,5.35881, 50746,1396316| 5525034
0,4,13,false,5.35715, 50746,1396316| 5525034
0,5,13,false,5.3285, 50746,1396316| 5525034
0,6,13,false,5.33542, 50746,1396316| 5525034
0,7,13,false,5.36716, 50746,1396316| 5525034
0,8,13,false,5.36971, 50746,1396316| 5525034
0,9,13,false,5.3649, 50746,1396316| 5525034
1,0,13,false,5.53887, 55118,1430808| 5685544
1,1,13,false,5.57576, 55118,1430808| 5685544
1,2,13,false,5.56517, 55118,1430808| 5685544
1,3,13,false,5.55907, 55118,1430808| 5685544
1,4,13,false,5.61319, 55118,1430808| 5685544
1,5,13,false,5.59504, 55118,1430808| 5685544
1,6,13,false,5.59366, 55118,1430808| 5685544
1,7,13,false,5.55432, 55118,1430808| 5685544
1,8,13,false,5.53132, 55118,1430808| 5685544
1,9,13,false,5.5425, 55118,1430808| 5685544
2,0,13,false,6.12379, 71228,1571130| 6339364
2,1,13,false,6.12606, 71228,1571130| 6339364
2,2,13,false,6.11003, 71228,1571130| 6339364
2,3,13,false,6.08748, 71228,1571130| 6339364
2,4,13,false,6.07773, 71228,1571130| 6339364
2,5,13,false,6.13254, 71228,1571130| 6339364
2,6,13,false,6.12377, 71228,1571130| 6339364
2,7,13,false,6.10962, 71228,1571130| 6339364
2,8,13,false,6.11916, 71228,1571130| 6339364
2,9,13,false,6.1103, 71228,1571130| 6339364
3,0,13,false,5.88058, 68708,1525066| 6140608
3,1,13,false,5.87889, 68708,1525066| 6140608
3,2,13,false,5.83839, 68708,1525066| 6140608
3,3,13,false,5.80626, 68708,1525066| 6140608
3,4,13,false,5.81271, 68708,1525066| 6140608
3,5,13,false,5.78662, 68708,1525066| 6140608
3,6,13,false,5.8151, 68708,1525066| 6140608
3,7,13,false,5.89875, 68708,1525066| 6140608
3,8,13,false,5.87222, 68708,1525066| 6140608
3,9,13,false,5.82304, 68708,1525066| 6140608
4,0,13,false,5.15385, 43885,1343846| 5268518
4,1,13,false,5.17521, 43885,1343846| 5268518
4,2,13,false,5.1529, 43885,1343846| 5268518
4,3,13,false,5.1514, 43885,1343846| 5268518
4,4,13,false,5.16903, 43885,1343846| 5268518
4,5,13,false,5.13968, 43885,1343846| 5268518
4,6,13,false,5.13067, 43885,1343846| 5268518
4,7,13,false,5.15563, 43885,1343846| 5268518
4,8,13,false,5.16513, 43885,1343846| 5268518
4,9,13,false,5.16205, 43885,1343846| 5268518
5,0,13,false,5.47366, 59582,1426372| 5695748
5,1,13,false,5.4866, 59582,1426372| 5695748
5,2,13,false,5.45705, 59582,1426372| 5695748
5,3,13,false,5.49778, 59582,1426372| 5695748
5,4,13,false,5.53329, 59582,1426372| 5695748
5,5,13,false,5.50098, 59582,1426372| 5695748
5,6,13,false,5.51453, 59582,1426372| 5695748
5,7,13,false,5.4882, 59582,1426372| 5695748
5,8,13,false,5.53503, 59582,1426372| 5695748
5,9,13,false,5.4944, 59582,1426372| 5695748
6,0,13,false,5.43696, 56434,1431050| 5695810
6,1,13,false,5.44776, 56434,1431050| 5695810
6,2,13,false,5.4498, 56434,1431050| 5695810
6,3,13,false,5.43575, 56434,1431050| 5695810
6,4,13,false,5.47036, 56434,1431050| 5695810
6,5,13,false,5.41029, 56434,1431050| 5695810
6,6,13,false,5.5033, 56434,1431050| 5695810
6,7,13,false,5.40857, 56434,1431050| 5695810
6,8,13,false,5.43291, 56434,1431050| 5695810
6,9,13,false,5.4304, 56434,1431050| 5695810
7,0,13,false,5.28828, 51505,1387296| 5492348
7,1,13,false,5.28624, 51505,1387296| 5492348
7,2,13,false,5.25716, 51505,1387296| 5492348
7,3,13,false,5.3118, 51505,1387296| 5492348
7,4,13,false,5.32793, 51505,1387296| 5492348
7,5,13,false,5.28318, 51505,1387296| 5492348
7,6,13,false,5.30955, 51505,1387296| 5492348
7,7,13,false,5.25735, 51505,1387296| 5492348
7,8,13,false,5.3079, 51505,1387296| 5492348
7,9,13,false,5.25244, 51505,1387296| 5492348
8,0,13,false,5.9633, 69219,1538418| 6196070
8,1,13,false,5.951, 69219,1538418| 6196070
8,2,13,false,5.9366, 69219,1538418| 6196070
8,3,13,false,5.94763, 69219,1538418| 6196070
8,4,13,false,5.9552, 69219,1538418| 6196070
8,5,13,false,5.97281, 69219,1538418| 6196070
8,6,13,false,5.93825, 69219,1538418| 6196070
8,7,13,false,5.94086, 69219,1538418| 6196070
8,8,13,false,5.98536, 69219,1538418| 6196070
8,9,13,false,5.95551, 69219,1538418| 6196070
9,0,13,false,5.56993, 60770,1462850| 5849894
9,1,13,false,5.57422, 60770,1462850| 5849894
9,2,13,false,5.57725, 60770,1462850| 5849894
9,3,13,false,5.61309, 60770,1462850| 5849894
9,4,13,false,5.61756, 60770,1462850| 5849894
9,5,13,false,5.61408, 60770,1462850| 5849894
9,6,13,false,5.59369, 60770,1462850| 5849894
9,7,13,false,5.57155, 60770,1462850| 5849894
9,8,13,false,5.55107, 60770,1462850| 5849894
9,9,13,false,5.58333, 60770,1462850| 5849894
10,0,13,false,0.280771, 2202,118166| 373724
10,1,13,false,0.27809, 2202,118166| 373724
10,2,13,false,0.280675, 2202,118166| 373724
10,3,13,false,0.286417, 2202,118166| 373724
10,4,13,false,0.285446, 2202,118166| 373724
10,5,13,false,0.283195, 2202,118166| 373724
10,6,13,false,0.280585, 2202,118166| 373724
10,7,13,false,0.278512, 2202,118166| 373724
10,8,13,false,0.284448, 2202,118166| 373724
10,9,13,false,0.284833, 2202,118166| 373724
11,0,13,false,1459.73, 26087470,3672830| 17807338
11,1,13,false,1459.48, 26087470,3672830| 17807338
11,2,13,false,1458.13, 26087470,3672830| 17807338
11,3,13,false,1456.25, 26087470,3672830| 17807338
11,4,13,false,1460.64, 26087470,3672830| 17807338
11,5,13,false,1458.64, 26087470,3672830| 17807338
11,6,13,false,1459.11, 26087470,3672830| 17807338
11,7,13,false,1457.8, 26087470,3672830| 17807338
11,8,13,false,1459.13, 26087470,3672830| 17807338
11,9,13,false,1459.1, 26087470,3672830| 17807338
0,0,13,true,4.67978, 50746,1229898| 4865340
0,1,13,true,4.67259, 50746,1229898| 4865340
0,2,13,true,4.66064, 50746,1229898| 4865340
0,3,13,true,4.66696, 50746,1229898| 4865340
0,4,13,true,4.66244, 50746,1229898| 4865340
0,5,13,true,4.71151, 50746,1229898| 4865340
0,6,13,true,4.67199, 50746,1229898| 4865340
0,7,13,true,4.66129, 50746,1229898| 4865340
0,8,13,true,4.64139, 50746,1229898| 4865340
0,9,13,true,4.6611, 50746,1229898| 4865340
1,0,13,true,4.71035, 55118,1253288| 4979540
1,1,13,true,4.74661, 55118,1253288| 4979540
1,2,13,true,4.72697, 55118,1253288| 4979540
1,3,13,true,4.70854, 55118,1253288| 4979540
1,4,13,true,4.76528, 55118,1253288| 4979540
1,5,13,true,4.73535, 55118,1253288| 4979540
1,6,13,true,4.73497, 55118,1253288| 4979540
1,7,13,true,4.74018, 55118,1253288| 4979540
1,8,13,true,4.75001, 55118,1253288| 4979540
1,9,13,true,4.73171, 55118,1253288| 4979540
2,0,13,true,5.23872, 71228,1379094| 5563550
2,1,13,true,5.26118, 71228,1379094| 5563550
2,2,13,true,5.2482, 71228,1379094| 5563550
2,3,13,true,5.23334, 71228,1379094| 5563550
2,4,13,true,5.21654, 71228,1379094| 5563550
2,5,13,true,5.2592, 71228,1379094| 5563550
2,6,13,true,5.23136, 71228,1379094| 5563550
2,7,13,true,5.24164, 71228,1379094| 5563550
2,8,13,true,5.23132, 71228,1379094| 5563550
2,9,13,true,5.2142, 71228,1379094| 5563550
3,0,13,true,5.12086, 68708,1352054| 5442170
3,1,13,true,5.10344, 68708,1352054| 5442170
3,2,13,true,5.10105, 68708,1352054| 5442170
3,3,13,true,5.14822, 68708,1352054| 5442170
3,4,13,true,5.12775, 68708,1352054| 5442170
3,5,13,true,5.10556, 68708,1352054| 5442170
3,6,13,true,5.11682, 68708,1352054| 5442170
3,7,13,true,5.1031, 68708,1352054| 5442170
3,8,13,true,5.1149, 68708,1352054| 5442170
3,9,13,true,5.14555, 68708,1352054| 5442170
4,0,13,true,4.44307, 43885,1180952| 4629084
4,1,13,true,4.43626, 43885,1180952| 4629084
4,2,13,true,4.42878, 43885,1180952| 4629084
4,3,13,true,4.40896, 43885,1180952| 4629084
4,4,13,true,4.43465, 43885,1180952| 4629084
4,5,13,true,4.42161, 43885,1180952| 4629084
4,6,13,true,4.41015, 43885,1180952| 4629084
4,7,13,true,4.43117, 43885,1180952| 4629084
4,8,13,true,4.45584, 43885,1180952| 4629084
4,9,13,true,4.43868, 43885,1180952| 4629084
5,0,13,true,4.8184, 59582,1268662| 5064172
5,1,13,true,4.80308, 59582,1268662| 5064172
5,2,13,true,4.74945, 59582,1268662| 5064172
5,3,13,true,4.75499, 59582,1268662| 5064172
5,4,13,true,4.79034, 59582,1268662| 5064172
5,5,13,true,4.80367, 59582,1268662| 5064172
5,6,13,true,4.8009, 59582,1268662| 5064172
5,7,13,true,4.76742, 59582,1268662| 5064172
5,8,13,true,4.75477, 59582,1268662| 5064172
5,9,13,true,4.7831, 59582,1268662| 5064172
6,0,13,true,4.82259, 56434,1276360| 5079378
6,1,13,true,4.8584, 56434,1276360| 5079378
6,2,13,true,4.83291, 56434,1276360| 5079378
6,3,13,true,4.80967, 56434,1276360| 5079378
6,4,13,true,4.82229, 56434,1276360| 5079378
6,5,13,true,4.8466, 56434,1276360| 5079378
6,6,13,true,4.8321, 56434,1276360| 5079378
6,7,13,true,4.83481, 56434,1276360| 5079378
6,8,13,true,4.81804, 56434,1276360| 5079378
6,9,13,true,4.87366, 56434,1276360| 5079378
7,0,13,true,4.59233, 51505,1225946| 4853346
7,1,13,true,4.61732, 51505,1225946| 4853346
7,2,13,true,4.62348, 51505,1225946| 4853346
7,3,13,true,4.58862, 51505,1225946| 4853346
7,4,13,true,4.61596, 51505,1225946| 4853346
7,5,13,true,4.60363, 51505,1225946| 4853346
7,6,13,true,4.57605, 51505,1225946| 4853346
7,7,13,true,4.60302, 51505,1225946| 4853346
7,8,13,true,4.6183, 51505,1225946| 4853346
7,9,13,true,4.59434, 51505,1225946| 4853346
8,0,13,true,5.14585, 69219,1364882| 5496812
8,1,13,true,5.21542, 69219,1364882| 5496812
8,2,13,true,5.1671, 69219,1364882| 5496812
8,3,13,true,5.17571, 69219,1364882| 5496812
8,4,13,true,5.17686, 69219,1364882| 5496812
8,5,13,true,5.17288, 69219,1364882| 5496812
8,6,13,true,5.16287, 69219,1364882| 5496812
8,7,13,true,5.16522, 69219,1364882| 5496812
8,8,13,true,5.20018, 69219,1364882| 5496812
8,9,13,true,5.18115, 69219,1364882| 5496812
9,0,13,true,4.80289, 60770,1285126| 5138004
9,1,13,true,4.7875, 60770,1285126| 5138004
9,2,13,true,4.81383, 60770,1285126| 5138004
9,3,13,true,4.80688, 60770,1285126| 5138004
9,4,13,true,4.82762, 60770,1285126| 5138004
9,5,13,true,4.79117, 60770,1285126| 5138004
9,6,13,true,4.81203, 60770,1285126| 5138004
9,7,13,true,4.81804, 60770,1285126| 5138004
9,8,13,true,4.82735, 60770,1285126| 5138004
9,9,13,true,4.78238, 60770,1285126| 5138004
10,0,13,true,0.235464, 2202,102620| 326160
10,1,13,true,0.238226, 2202,102620| 326160
10,2,13,true,0.241162, 2202,102620| 326160
10,3,13,true,0.234908, 2202,102620| 326160
10,4,13,true,0.234145, 2202,102620| 326160
10,5,13,true,0.234345, 2202,102620| 326160
10,6,13,true,0.233553, 2202,102620| 326160
10,7,13,true,0.236195, 2202,102620| 326160
10,8,13,true,0.23481, 2202,102620| 326160
10,9,13,true,0.232539, 2202,102620| 326160
11,0,13,true,1429.34, 26087470,3039738| 15031152
11,1,13,true,1428.04, 26087470,3039738| 15031152
11,2,13,true,1431.25, 26087470,3039738| 15031152
11,3,13,true,1431.19, 26087470,3039738| 15031152
11,4,13,true,1427.12, 26087470,3039738| 15031152
11,5,13,true,1426.52, 26087470,3039738| 15031152
11,6,13,true,1429.81, 26087470,3039738| 15031152
11,7,13,true,1433.1, 26087470,3039738| 15031152
11,8,13,true,1428.21, 26087470,3039738| 15031152
11,9,13,true,1427.01, 26087470,3039738| 15031152

