graph_type,graph_id,run,k,mean_degree,runtime_ms,cycles,paths
0,0,0,3,2,0.00440288, 2,140| 396
1,0,0,3,2,0.0037837, 21,392| 2578
0,0,1,3,2,0.00251222, 2,140| 396
1,0,1,3,2,0.00308657, 21,392| 2578
0,0,2,3,2,0.00250459, 2,140| 396
1,0,2,3,2,0.0030477, 21,392| 2578
0,0,3,3,2,0.00250649, 2,140| 396
1,0,3,3,2,0.00305462, 21,392| 2578
0,0,4,3,2,0.00257349, 2,140| 396
1,0,4,3,2,0.00304961, 21,392| 2578
0,0,5,3,2,0.00260568, 2,140| 396
1,0,5,3,2,0.00300074, 21,392| 2578
0,0,6,3,2,0.00261235, 2,140| 396
1,0,6,3,2,0.00305963, 21,392| 2578
0,0,7,3,2,0.00252008, 2,140| 396
1,0,7,3,2,0.00308466, 21,392| 2578
0,0,8,3,2,0.00252748, 2,140| 396
1,0,8,3,2,0.00304222, 21,392| 2578
0,0,9,3,2,0.00257182, 2,140| 396
1,0,9,3,2,0.00304818, 21,392| 2578
0,1,0,3,2,0.00323868, 3,172| 562
1,1,0,3,2,0.0040977, 21,390| 2700
0,1,1,3,2,0.00256038, 3,172| 562
1,1,1,3,2,0.00305891, 21,390| 2700
0,1,2,3,2,0.00263977, 3,172| 562
1,1,2,3,2,0.00305486, 21,390| 2700
0,1,3,3,2,0.00261378, 3,172| 562
1,1,3,3,2,0.00301313, 21,390| 2700
0,1,4,3,2,0.00261307, 3,172| 562
1,1,4,3,2,0.00308371, 21,390| 2700
0,1,5,3,2,0.00256586, 3,172| 562
1,1,5,3,2,0.00309849, 21,390| 2700
0,1,6,3,2,0.00256014, 3,172| 562
1,1,6,3,2,0.00305676, 21,390| 2700
0,1,7,3,2,0.00259781, 3,172| 562
1,1,7,3,2,0.00299191, 21,390| 2700
0,1,8,3,2,0.00265312, 3,172| 562
1,1,8,3,2,0.00306177, 21,390| 2700
0,1,9,3,2,0.00261497, 3,172| 562
1,1,9,3,2,0.00309014, 21,390| 2700
0,0,0,3,3,0.00319815, 0,250| 882
1,0,0,3,3,0.00442386, 102,582| 6228
0,0,1,3,3,0.00264764, 0,250| 882
1,0,1,3,3,0.00387192, 102,582| 6228
0,0,2,3,3,0.00263715, 0,250| 882
1,0,2,3,3,0.00388932, 102,582| 6228
0,0,3,3,3,0.00262332, 0,250| 882
1,0,3,3,3,0.00387812, 102,582| 6228
0,0,4,3,3,0.00260258, 0,250| 882
1,0,4,3,3,0.00384212, 102,582| 6228
0,0,5,3,3,0.00265622, 0,250| 882
1,0,5,3,3,0.0038898, 102,582| 6228
0,0,6,3,3,0.00264573, 0,250| 882
1,0,6,3,3,0.00385141, 102,582| 6228
0,0,7,3,3,0.00265455, 0,250| 882
1,0,7,3,3,0.00384617, 102,582| 6228
0,0,8,3,3,0.00267172, 0,250| 882
1,0,8,3,3,0.00384831, 102,582| 6228
0,0,9,3,3,0.00259805, 0,250| 882
1,0,9,3,3,0.00389194, 102,582| 6228
0,1,0,3,3,0.00345969, 7,304| 1194
1,1,0,3,3,0.00419235, 86,582| 5802
0,1,1,3,3,0.00267315, 7,304| 1194
1,1,1,3,3,0.00368834, 86,582| 5802
0,1,2,3,3,0.00271153, 7,304| 1194
1,1,2,3,3,0.00368237, 86,582| 5802
0,1,3,3,3,0.00271773, 7,304| 1194
1,1,3,3,3,0.00358105, 86,582| 5802
0,1,4,3,3,0.00276661, 7,304| 1194
1,1,4,3,3,0.00360394, 86,582| 5802
0,1,5,3,3,0.00271726, 7,304| 1194
1,1,5,3,3,0.00365782, 86,582| 5802
0,1,6,3,3,0.00276327, 7,304| 1194
1,1,6,3,3,0.00363302, 86,582| 5802
0,1,7,3,3,0.00275707, 7,304| 1194
1,1,7,3,3,0.00364423, 86,582| 5802
0,1,8,3,3,0.00272512, 7,304| 1194
1,1,8,3,3,0.00362277, 86,582| 5802
0,1,9,3,3,0.00265384, 7,304| 1194
1,1,9,3,3,0.0036509, 86,582| 5802
0,0,0,3,4,0.00338578, 9,366| 1602
1,0,0,3,4,0.00481653, 175,768| 8946
0,0,1,3,4,0.00284982, 9,366| 1602
1,0,1,3,4,0.00425172, 175,768| 8946
0,0,2,3,4,0.0028255, 9,366| 1602
1,0,2,3,4,0.00428391, 175,768| 8946
0,0,3,3,4,0.00280046, 9,366| 1602
1,0,3,3,4,0.00429797, 175,768| 8946
0,0,4,3,4,0.00279236, 9,366| 1602
1,0,4,3,4,0.00435591, 175,768| 8946
0,0,5,3,4,0.00289631, 9,366| 1602
1,0,5,3,4,0.00431681, 175,768| 8946
0,0,6,3,4,0.00284195, 9,366| 1602
1,0,6,3,4,0.00423098, 175,768| 8946
0,0,7,3,4,0.00275373, 9,366| 1602
1,0,7,3,4,0.00423336, 175,768| 8946
0,0,8,3,4,0.00276113, 9,366| 1602
1,0,8,3,4,0.00432873, 175,768| 8946
0,0,9,3,4,0.00289011, 9,366| 1602
1,0,9,3,4,0.00422478, 175,768| 8946
0,1,0,3,4,0.00363016, 4,410| 1974
1,1,0,3,4,0.00508094, 176,768| 9194
0,1,1,3,4,0.00296855, 4,410| 1974
1,1,1,3,4,0.00428581, 176,768| 9194
0,1,2,3,4,0.00296926, 4,410| 1974
1,1,2,3,4,0.00431347, 176,768| 9194
0,1,3,3,4,0.00295877, 4,410| 1974
1,1,3,3,4,0.00432324, 176,768| 9194
0,1,4,3,4,0.00300169, 4,410| 1974
1,1,4,3,4,0.004287, 176,768| 9194
0,1,5,3,4,0.00300312, 4,410| 1974
1,1,5,3,4,0.00431585, 176,768| 9194
0,1,6,3,4,0.00299931, 4,410| 1974
1,1,6,3,4,0.00433969, 176,768| 9194
0,1,7,3,4,0.0030098, 4,410| 1974
1,1,7,3,4,0.00432444, 176,768| 9194
0,1,8,3,4,0.00291371, 4,410| 1974
1,1,8,3,4,0.00433397, 176,768| 9194
0,1,9,3,4,0.00299716, 4,410| 1974
1,1,9,3,4,0.00435543, 176,768| 9194
0,0,0,3,5,0.00346112, 13,478| 2502
1,0,0,3,5,0.00540853, 276,950| 12694
0,0,1,3,5,0.00299859, 13,478| 2502
1,0,1,3,5,0.00486493, 276,950| 12694
0,0,2,3,5,0.00300956, 13,478| 2502
1,0,2,3,5,0.00490737, 276,950| 12694
0,0,3,3,5,0.00300646, 13,478| 2502
1,0,3,3,5,0.00490403, 276,950| 12694
0,0,4,3,5,0.0030508, 13,478| 2502
1,0,4,3,5,0.00480676, 276,950| 12694
0,0,5,3,5,0.00300312, 13,478| 2502
1,0,5,3,5,0.00476241, 276,950| 12694
0,0,6,3,5,0.00293994, 13,478| 2502
1,0,6,3,5,0.0048728, 276,950| 12694
0,0,7,3,5,0.00307918, 13,478| 2502
1,0,7,3,5,0.00488353, 276,950| 12694
0,0,8,3,5,0.0030992, 13,478| 2502
1,0,8,3,5,0.00482655, 276,950| 12694
0,0,9,3,5,0.00294304, 13,478| 2502
1,0,9,3,5,0.00481319, 276,950| 12694
0,1,0,3,5,0.00381756, 16,516| 2908
1,1,0,3,5,0.00567389, 336,950| 13244
0,1,1,3,5,0.00300813, 16,516| 2908
1,1,1,3,5,0.00487041, 336,950| 13244
0,1,2,3,5,0.00302482, 16,516| 2908
1,1,2,3,5,0.00485134, 336,950| 13244
0,1,3,3,5,0.0030694, 16,516| 2908
1,1,3,3,5,0.00486732, 336,950| 13244
0,1,4,3,5,0.00310469, 16,516| 2908
1,1,4,3,5,0.00482512, 336,950| 13244
0,1,5,3,5,0.00306845, 16,516| 2908
1,1,5,3,5,0.00483346, 336,950| 13244
0,1,6,3,5,0.00301933, 16,516| 2908
1,1,6,3,5,0.00483608, 336,950| 13244
0,1,7,3,5,0.00305557, 16,516| 2908
1,1,7,3,5,0.00486541, 336,950| 13244
0,1,8,3,5,0.00301814, 16,516| 2908
1,1,8,3,5,0.00501919, 336,950| 13244
0,1,9,3,5,0.00309515, 16,516| 2908
1,1,9,3,5,0.00487876, 336,950| 13244
0,0,0,3,6,0.00376654, 17,566| 3416
1,0,0,3,6,0.00620222, 496,1128| 17582
0,0,1,3,6,0.00323844, 17,566| 3416
1,0,1,3,6,0.00547767, 496,1128| 17582
0,0,2,3,6,0.00313544, 17,566| 3416
1,0,2,3,6,0.00549269, 496,1128| 17582
0,0,3,3,6,0.00324249, 17,566| 3416
1,0,3,3,6,0.00553513, 496,1128| 17582
0,0,4,3,6,0.00313067, 17,566| 3416
1,0,4,3,6,0.0054388, 496,1128| 17582
0,0,5,3,6,0.00321269, 17,566| 3416
1,0,5,3,6,0.00548577, 496,1128| 17582
0,0,6,3,6,0.00321078, 17,566| 3416
1,0,6,3,6,0.00550795, 496,1128| 17582
0,0,7,3,6,0.00325394, 17,566| 3416
1,0,7,3,6,0.00550628, 496,1128| 17582
0,0,8,3,6,0.00319314, 17,566| 3416
1,0,8,3,6,0.00555491, 496,1128| 17582
0,0,9,3,6,0.00329685, 17,566| 3416
1,0,9,3,6,0.00550938, 496,1128| 17582
0,1,0,3,6,0.00403404, 23,608| 3914
1,1,0,3,6,0.00623465, 475,1128| 17232
0,1,1,3,6,0.00326133, 23,608| 3914
1,1,1,3,6,0.00547242, 475,1128| 17232
0,1,2,3,6,0.00331903, 23,608| 3914
1,1,2,3,6,0.00545287, 475,1128| 17232
0,1,3,3,6,0.00321507, 23,608| 3914
1,1,3,3,6,0.00546408, 475,1128| 17232
0,1,4,3,6,0.00331974, 23,608| 3914
1,1,4,3,6,0.00545597, 475,1128| 17232
0,1,5,3,6,0.00320435, 23,608| 3914
1,1,5,3,6,0.00546455, 475,1128| 17232
0,1,6,3,6,0.00332379, 23,608| 3914
1,1,6,3,6,0.0054152, 475,1128| 17232
0,1,7,3,6,0.00321817, 23,608| 3914
1,1,7,3,6,0.00558591, 475,1128| 17232
0,1,8,3,6,0.00330329, 23,608| 3914
1,1,8,3,6,0.00543261, 475,1128| 17232
0,1,9,3,6,0.00327015, 23,608| 3914
1,1,9,3,6,0.00547409, 475,1128| 17232
0,0,0,3,7,0.00401211, 39,648| 4404
1,0,0,3,7,0.00717974, 708,1302| 22378
0,0,1,3,7,0.00345063, 39,648| 4404
1,0,1,3,7,0.00658584, 708,1302| 22378
0,0,2,3,7,0.00345635, 39,648| 4404
1,0,2,3,7,0.00651836, 708,1302| 22378
0,0,3,3,7,0.00342345, 39,648| 4404
1,0,3,3,7,0.00652194, 708,1302| 22378
0,0,4,3,7,0.00338888, 39,648| 4404
1,0,4,3,7,0.00662756, 708,1302| 22378
0,0,5,3,7,0.00342989, 39,648| 4404
1,0,5,3,7,0.00664616, 708,1302| 22378
0,0,6,3,7,0.00340605, 39,648| 4404
1,0,6,3,7,0.00667095, 708,1302| 22378
0,0,7,3,7,0.00346589, 39,648| 4404
1,0,7,3,7,0.00666094, 708,1302| 22378
0,0,8,3,7,0.00338888, 39,648| 4404
1,0,8,3,7,0.00666022, 708,1302| 22378
0,0,9,3,7,0.00338602, 39,648| 4404
1,0,9,3,7,0.00670719, 708,1302| 22378
0,1,0,3,7,0.00441146, 52,700| 5128
1,1,0,3,7,0.00721955, 674,1302| 22444
0,1,1,3,7,0.00363803, 52,700| 5128
1,1,1,3,7,0.00656056, 674,1302| 22444
0,1,2,3,7,0.00365496, 52,700| 5128
1,1,2,3,7,0.00655484, 674,1302| 22444
0,1,3,3,7,0.00363255, 52,700| 5128
1,1,3,3,7,0.00655437, 674,1302| 22444
0,1,4,3,7,0.00365233, 52,700| 5128
1,1,4,3,7,0.00653958, 674,1302| 22444
0,1,5,3,7,0.00360203, 52,700| 5128
1,1,5,3,7,0.00646782, 674,1302| 22444
0,1,6,3,7,0.00354433, 52,700| 5128
1,1,6,3,7,0.00650883, 674,1302| 22444
0,1,7,3,7,0.00355434, 52,700| 5128
1,1,7,3,7,0.00652838, 674,1302| 22444
0,1,8,3,7,0.00353289, 52,700| 5128
1,1,8,3,7,0.00657225, 674,1302| 22444
0,1,9,3,7,0.00358796, 52,700| 5128
1,1,9,3,7,0.00659418, 674,1302| 22444
0,0,0,3,8,0.00427818, 60,756| 5922
1,0,0,3,8,0.00831032, 1041,1472| 29018
0,0,1,3,8,0.0037365, 60,756| 5922
1,0,1,3,8,0.0076344, 1041,1472| 29018
0,0,2,3,8,0.00378466, 60,756| 5922
1,0,2,3,8,0.00751972, 1041,1472| 29018
0,0,3,3,8,0.003685, 60,756| 5922
1,0,3,3,8,0.00751781, 1041,1472| 29018
0,0,4,3,8,0.00369477, 60,756| 5922
1,0,4,3,8,0.00746417, 1041,1472| 29018
0,0,5,3,8,0.00377178, 60,756| 5922
1,0,5,3,8,0.00755692, 1041,1472| 29018
0,0,6,3,8,0.00375295, 60,756| 5922
1,0,6,3,8,0.00750995, 1041,1472| 29018
0,0,7,3,8,0.00373912, 60,756| 5922
1,0,7,3,8,0.00751305, 1041,1472| 29018
0,0,8,3,8,0.0036695, 60,756| 5922
1,0,8,3,8,0.00755715, 1041,1472| 29018
0,0,9,3,8,0.00370693, 60,756| 5922
1,0,9,3,8,0.00751758, 1041,1472| 29018
0,1,0,3,8,0.00443864, 74,792| 6520
1,1,0,3,8,0.00821519, 1026,1472| 28840
0,1,1,3,8,0.00383973, 74,792| 6520
1,1,1,3,8,0.00753498, 1026,1472| 28840
0,1,2,3,8,0.00392628, 74,792| 6520
1,1,2,3,8,0.00755787, 1026,1472| 28840
0,1,3,3,8,0.00381875, 74,792| 6520
1,1,3,3,8,0.00743747, 1026,1472| 28840
0,1,4,3,8,0.00390553, 74,792| 6520
1,1,4,3,8,0.00747752, 1026,1472| 28840
0,1,5,3,8,0.00389624, 74,792| 6520
1,1,5,3,8,0.00749421, 1026,1472| 28840
0,1,6,3,8,0.00385642, 74,792| 6520
1,1,6,3,8,0.00746822, 1026,1472| 28840
0,1,7,3,8,0.00386667, 74,792| 6520
1,1,7,3,8,0.00760818, 1026,1472| 28840
0,1,8,3,8,0.00394702, 74,792| 6520
1,1,8,3,8,0.00755548, 1026,1472| 28840
0,1,9,3,8,0.00390291, 74,792| 6520
1,1,9,3,8,0.00758266, 1026,1472| 28840
0,0,0,3,9,0.00456047, 62,840| 7276
1,0,0,3,9,0.0088923, 1236,1638| 33700
0,0,1,3,9,0.00395942, 62,840| 7276
1,0,1,3,9,0.00831294, 1236,1638| 33700
0,0,2,3,9,0.00393105, 62,840| 7276
1,0,2,3,9,0.00815487, 1236,1638| 33700
0,0,3,3,9,0.00397825, 62,840| 7276
1,0,3,3,9,0.00818729, 1236,1638| 33700
0,0,4,3,9,0.00400519, 62,840| 7276
1,0,4,3,9,0.00814152, 1236,1638| 33700
0,0,5,3,9,0.00410891, 62,840| 7276
1,0,5,3,9,0.00828838, 1236,1638| 33700
0,0,6,3,9,0.00396681, 62,840| 7276
1,0,6,3,9,0.00822544, 1236,1638| 33700
0,0,7,3,9,0.00398421, 62,840| 7276
1,0,7,3,9,0.00829434, 1236,1638| 33700
0,0,8,3,9,0.00397229, 62,840| 7276
1,0,8,3,9,0.00819349, 1236,1638| 33700
0,0,9,3,9,0.00399351, 62,840| 7276
1,0,9,3,9,0.00825095, 1236,1638| 33700
0,1,0,3,9,0.00489497, 83,876| 7946
1,1,0,3,9,0.00921845, 1368,1638| 34906
0,1,1,3,9,0.004107, 83,876| 7946
1,1,1,3,9,0.0083673, 1368,1638| 34906
0,1,2,3,9,0.00412178, 83,876| 7946
1,1,2,3,9,0.00844526, 1368,1638| 34906
0,1,3,3,9,0.00418353, 83,876| 7946
1,1,3,3,9,0.00839329, 1368,1638| 34906
0,1,4,3,9,0.00410223, 83,876| 7946
1,1,4,3,9,0.0083952, 1368,1638| 34906
0,1,5,3,9,0.00410843, 83,876| 7946
1,1,5,3,9,0.00840688, 1368,1638| 34906
0,1,6,3,9,0.00417113, 83,876| 7946
1,1,6,3,9,0.00839019, 1368,1638| 34906
0,1,7,3,9,0.00410056, 83,876| 7946
1,1,7,3,9,0.00838804, 1368,1638| 34906
0,1,8,3,9,0.00412798, 83,876| 7946
1,1,8,3,9,0.00845575, 1368,1638| 34906
0,1,9,3,9,0.00411797, 83,876| 7946
1,1,9,3,9,0.00838733, 1368,1638| 34906
0,0,0,3,10,0.00481415, 97,930| 8898
1,0,0,3,10,0.00992513, 1761,1800| 41450
0,0,1,3,10,0.00425982, 97,930| 8898
1,0,1,3,10,0.00923705, 1761,1800| 41450
0,0,2,3,10,0.00421762, 97,930| 8898
1,0,2,3,10,0.0093174, 1761,1800| 41450
0,0,3,3,10,0.00432301, 97,930| 8898
1,0,3,3,10,0.00930262, 1761,1800| 41450
0,0,4,3,10,0.00429487, 97,930| 8898
1,0,4,3,10,0.00931072, 1761,1800| 41450
0,0,5,3,10,0.00433159, 97,930| 8898
1,0,5,3,10,0.00926733, 1761,1800| 41450
0,0,6,3,10,0.00430083, 97,930| 8898
1,0,6,3,10,0.00930309, 1761,1800| 41450
0,0,7,3,10,0.00426459, 97,930| 8898
1,0,7,3,10,0.00923324, 1761,1800| 41450
0,0,8,3,10,0.00428343, 97,930| 8898
1,0,8,3,10,0.00923204, 1761,1800| 41450
0,0,9,3,10,0.00429702, 97,930| 8898
1,0,9,3,10,0.00933886, 1761,1800| 41450
0,1,0,3,10,0.00526142, 119,970| 9708
1,1,0,3,10,0.0100465, 1721,1800| 41468
0,1,1,3,10,0.00445223, 119,970| 9708
1,1,1,3,10,0.00938797, 1721,1800| 41468
0,1,2,3,10,0.00445986, 119,970| 9708
1,1,2,3,10,0.00925398, 1721,1800| 41468
0,1,3,3,10,0.00448656, 119,970| 9708
1,1,3,3,10,0.00927353, 1721,1800| 41468
0,1,4,3,10,0.00445867, 119,970| 9708
1,1,4,3,10,0.00927615, 1721,1800| 41468
0,1,5,3,10,0.00448298, 119,970| 9708
1,1,5,3,10,0.00931334, 1721,1800| 41468
0,1,6,3,10,0.004498, 119,970| 9708
1,1,6,3,10,0.00933218, 1721,1800| 41468
0,1,7,3,10,0.00445962, 119,970| 9708
1,1,7,3,10,0.00927234, 1721,1800| 41468
0,1,8,3,10,0.00447965, 119,970| 9708
1,1,8,3,10,0.0093081, 1721,1800| 41468
0,1,9,3,10,0.0044632, 119,970| 9708
1,1,9,3,10,0.00928974, 1721,1800| 41468
0,0,0,4,2,0.00251055, 2,256
1,0,0,4,2,0.00313878, 72,2186
0,0,1,4,2,0.00251532, 2,256
1,0,1,4,2,0.00315094, 72,2186
0,0,2,4,2,0.00250626, 2,256
1,0,2,4,2,0.0030973, 72,2186
0,0,3,4,2,0.00251126, 2,256
1,0,3,4,2,0.00310135, 72,2186
0,0,4,4,2,0.00257182, 2,256
1,0,4,4,2,0.00310278, 72,2186
0,0,5,4,2,0.00259352, 2,256
1,0,5,4,2,0.00311828, 72,2186
0,0,6,4,2,0.00266433, 2,256
1,0,6,4,2,0.00311708, 72,2186
0,0,7,4,2,0.00261736, 2,256
1,0,7,4,2,0.00304437, 72,2186
0,0,8,4,2,0.00259399, 2,256
1,0,8,4,2,0.00302196, 72,2186
0,0,9,4,2,0.0025456, 2,256
1,0,9,4,2,0.00308013, 72,2186
0,1,0,4,2,0.00253773, 2,390
1,1,0,4,2,0.00315118, 77,2310
0,1,1,4,2,0.00253129, 2,390
1,1,1,4,2,0.00310111, 77,2310
0,1,2,4,2,0.00252342, 2,390
1,1,2,4,2,0.00310063, 77,2310
0,1,3,4,2,0.00263572, 2,390
1,1,3,4,2,0.00311637, 77,2310
0,1,4,4,2,0.00262451, 2,390
1,1,4,4,2,0.00303745, 77,2310
0,1,5,4,2,0.0026567, 2,390
1,1,5,4,2,0.00306606, 77,2310
0,1,6,4,2,0.00252628, 2,390
1,1,6,4,2,0.00313663, 77,2310
0,1,7,4,2,0.00259662, 2,390
1,1,7,4,2,0.00311089, 77,2310
0,1,8,4,2,0.00263762, 2,390
1,1,8,4,2,0.00304627, 77,2310
0,1,9,4,2,0.0027492, 2,390
1,1,9,4,2,0.00305772, 77,2310
0,0,0,4,3,0.0025804, 4,632
1,0,0,4,3,0.00428271, 523,5646
0,0,1,4,3,0.00270891, 4,632
1,0,1,4,3,0.00418472, 523,5646
0,0,2,4,3,0.00272989, 4,632
1,0,2,4,3,0.00417662, 523,5646
0,0,3,4,3,0.00268698, 4,632
1,0,3,4,3,0.00418925, 523,5646
0,0,4,4,3,0.00262761, 4,632
1,0,4,4,3,0.00425029, 523,5646
0,0,5,4,3,0.0026319, 4,632
1,0,5,4,3,0.00422192, 523,5646
0,0,6,4,3,0.00268269, 4,632
1,0,6,4,3,0.004282, 523,5646
0,0,7,4,3,0.00271511, 4,632
1,0,7,4,3,0.00422001, 523,5646
0,0,8,4,3,0.00263381, 4,632
1,0,8,4,3,0.00423265, 523,5646
0,0,9,4,3,0.00268912, 4,632
1,0,9,4,3,0.00424767, 523,5646
0,1,0,4,3,0.0027616, 5,890
1,1,0,4,3,0.00405645, 449,5220
0,1,1,4,3,0.00281, 5,890
1,1,1,4,3,0.00404096, 449,5220
0,1,2,4,3,0.00276589, 5,890
1,1,2,4,3,0.00404382, 449,5220
0,1,3,4,3,0.00270963, 5,890
1,1,3,4,3,0.00407863, 449,5220
0,1,4,4,3,0.00276756, 5,890
1,1,4,4,3,0.00400543, 449,5220
0,1,5,4,3,0.00273395, 5,890
1,1,5,4,3,0.00404024, 449,5220
0,1,6,4,3,0.00279284, 5,890
1,1,6,4,3,0.00403476, 449,5220
0,1,7,4,3,0.00276303, 5,890
1,1,7,4,3,0.00400496, 449,5220
0,1,8,4,3,0.0027225, 5,890
1,1,8,4,3,0.00407982, 449,5220
0,1,9,4,3,0.00273538, 5,890
1,1,9,4,3,0.00399923, 449,5220
0,0,0,4,4,0.00273871, 19,1236
1,0,0,4,4,0.0051229, 1132,8178
0,0,1,4,4,0.00281286, 19,1236
1,0,1,4,4,0.00511599, 1132,8178
0,0,2,4,4,0.00275302, 19,1236
1,0,2,4,4,0.0051527, 1132,8178
0,0,3,4,4,0.00279999, 19,1236
1,0,3,4,4,0.00515413, 1132,8178
0,0,4,4,4,0.00280046, 19,1236
1,0,4,4,4,0.00509715, 1132,8178
0,0,5,4,4,0.00278783, 19,1236
1,0,5,4,4,0.00519705, 1132,8178
0,0,6,4,4,0.00283289, 19,1236
1,0,6,4,4,0.00507712, 1132,8178
0,0,7,4,4,0.00273442, 19,1236
1,0,7,4,4,0.00513744, 1132,8178
0,0,8,4,4,0.00278854, 19,1236
1,0,8,4,4,0.00517344, 1132,8178
0,0,9,4,4,0.00278997, 19,1236
1,0,9,4,4,0.00517464, 1132,8178
0,1,0,4,4,0.00289464, 30,1564
1,1,0,4,4,0.005162, 1235,8426
0,1,1,4,4,0.00283289, 30,1564
1,1,1,4,4,0.0052073, 1235,8426
0,1,2,4,4,0.00294185, 30,1564
1,1,2,4,4,0.00529814, 1235,8426
0,1,3,4,4,0.00292325, 30,1564
1,1,3,4,4,0.00514841, 1235,8426
0,1,4,4,4,0.00288868, 30,1564
1,1,4,4,4,0.00530529, 1235,8426
0,1,5,4,4,0.00286412, 30,1564
1,1,5,4,4,0.00519776, 1235,8426
0,1,6,4,4,0.00285959, 30,1564
1,1,6,4,4,0.0052197, 1235,8426
0,1,7,4,4,0.00295305, 30,1564
1,1,7,4,4,0.00530577, 1235,8426
0,1,8,4,4,0.00294518, 30,1564
1,1,8,4,4,0.00520754, 1235,8426
0,1,9,4,4,0.00289941, 30,1564
1,1,9,4,4,0.00526333, 1235,8426
0,0,0,4,5,0.00294256, 40,2024
1,0,0,4,5,0.00670481, 2390,11744
0,0,1,4,5,0.00297213, 40,2024
1,0,1,4,5,0.00672936, 2390,11744
0,0,2,4,5,0.00296617, 40,2024
1,0,2,4,5,0.00667977, 2390,11744
0,0,3,4,5,0.00296021, 40,2024
1,0,3,4,5,0.00669146, 2390,11744
0,0,4,4,5,0.00306606, 40,2024
1,0,4,4,5,0.00660992, 2390,11744
0,0,5,4,5,0.00305676, 40,2024
1,0,5,4,5,0.00665569, 2390,11744
0,0,6,4,5,0.00297165, 40,2024
1,0,6,4,5,0.00673461, 2390,11744
0,0,7,4,5,0.00297236, 40,2024
1,0,7,4,5,0.00669408, 2390,11744
0,0,8,4,5,0.00304341, 40,2024
1,0,8,4,5,0.00661135, 2390,11744
0,0,9,4,5,0.00307465, 40,2024
1,0,9,4,5,0.00673532, 2390,11744
0,1,0,4,5,0.00315332, 68,2392
1,1,0,4,5,0.00721002, 2985,12294
0,1,1,4,5,0.0031538, 68,2392
1,1,1,4,5,0.00725174, 2985,12294
0,1,2,4,5,0.00308251, 68,2392
1,1,2,4,5,0.00717139, 2985,12294
0,1,3,4,5,0.00308847, 68,2392
1,1,3,4,5,0.00731277, 2985,12294
0,1,4,4,5,0.00310898, 68,2392
1,1,4,4,5,0.00721049, 2985,12294
0,1,5,4,5,0.00309229, 68,2392
1,1,5,4,5,0.00719762, 2985,12294
0,1,6,4,5,0.00310469, 68,2392
1,1,6,4,5,0.00721002, 2985,12294
0,1,7,4,5,0.00309849, 68,2392
1,1,7,4,5,0.00735545, 2985,12294
0,1,8,4,5,0.00313568, 68,2392
1,1,8,4,5,0.00720024, 2985,12294
0,1,9,4,5,0.0030849, 68,2392
1,1,9,4,5,0.00720429, 2985,12294
0,0,0,4,6,0.00320125, 80,2850
1,0,0,4,6,0.00941467, 5085,16454
0,0,1,4,6,0.00327611, 80,2850
1,0,1,4,6,0.00931692, 5085,16454
0,0,2,4,6,0.00324488, 80,2850
1,0,2,4,6,0.00935483, 5085,16454
0,0,3,4,6,0.00327849, 80,2850
1,0,3,4,6,0.0093255, 5085,16454
0,0,4,4,6,0.00325394, 80,2850
1,0,4,4,6,0.00929046, 5085,16454
0,0,5,4,6,0.00320888, 80,2850
1,0,5,4,6,0.00935292, 5085,16454
0,0,6,4,6,0.00327468, 80,2850
1,0,6,4,6,0.00929785, 5085,16454
0,0,7,4,6,0.0032258, 80,2850
1,0,7,4,6,0.00941277, 5085,16454
0,0,8,4,6,0.00335526, 80,2850
1,0,8,4,6,0.00931835, 5085,16454
0,0,9,4,6,0.00325799, 80,2850
1,0,9,4,6,0.00936508, 5085,16454
0,1,0,4,6,0.00337505, 114,3306
1,1,0,4,6,0.00913858, 4782,16104
0,1,1,4,6,0.00335574, 114,3306
1,1,1,4,6,0.00918174, 4782,16104
0,1,2,4,6,0.00333261, 114,3306
1,1,2,4,6,0.00916505, 4782,16104
0,1,3,4,6,0.00336361, 114,3306
1,1,3,4,6,0.0092082, 4782,16104
0,1,4,4,6,0.00332117, 114,3306
1,1,4,4,6,0.00916648, 4782,16104
0,1,5,4,6,0.00337911, 114,3306
1,1,5,4,6,0.00927114, 4782,16104
0,1,6,4,6,0.00332212, 114,3306
1,1,6,4,6,0.00913286, 4782,16104
0,1,7,4,6,0.00330043, 114,3306
1,1,7,4,6,0.00915551, 4782,16104
0,1,8,4,6,0.0033145, 114,3306
1,1,8,4,6,0.00905108, 4782,16104
0,1,9,4,6,0.0032661, 114,3306
1,1,9,4,6,0.00915456, 4782,16104
0,0,0,4,7,0.00346398, 139,3756
1,0,0,4,7,0.0128429, 8206,21076
0,0,1,4,7,0.00351048, 139,3756
1,0,1,4,7,0.0127475, 8206,21076
0,0,2,4,7,0.00348568, 139,3756
1,0,2,4,7,0.0127642, 8206,21076
0,0,3,4,7,0.00349236, 139,3756
1,0,3,4,7,0.0126941, 8206,21076
0,0,4,4,7,0.00345588, 139,3756
1,0,4,4,7,0.0128987, 8206,21076
0,0,5,4,7,0.00349021, 139,3756
1,0,5,4,7,0.012691, 8206,21076
0,0,6,4,7,0.00350308, 139,3756
1,0,6,4,7,0.0127273, 8206,21076
0,0,7,4,7,0.00348401, 139,3756
1,0,7,4,7,0.0127571, 8206,21076
0,0,8,4,7,0.00349545, 139,3756
1,0,8,4,7,0.0127256, 8206,21076
0,0,9,4,7,0.00351024, 139,3756
1,0,9,4,7,0.0128248, 8206,21076
0,1,0,4,7,0.0036993, 211,4428
1,1,0,4,7,0.0127249, 8352,21142
0,1,1,4,7,0.00370884, 211,4428
1,1,1,4,7,0.0127563, 8352,21142
0,1,2,4,7,0.00372815, 211,4428
1,1,2,4,7,0.0128658, 8352,21142
0,1,3,4,7,0.0037055, 211,4428
1,1,3,4,7,0.0127847, 8352,21142
0,1,4,4,7,0.00372887, 211,4428
1,1,4,4,7,0.0128672, 8352,21142
0,1,5,4,7,0.00378823, 211,4428
1,1,5,4,7,0.0127716, 8352,21142
0,1,6,4,7,0.00374174, 211,4428
1,1,6,4,7,0.0127969, 8352,21142
0,1,7,4,7,0.00373387, 211,4428
1,1,7,4,7,0.0128763, 8352,21142
0,1,8,4,7,0.00373435, 211,4428
1,1,8,4,7,0.0127692, 8352,21142
0,1,9,4,7,0.00374007, 211,4428
1,1,9,4,7,0.0128021, 8352,21142
0,0,0,4,8,0.00387979, 289,5166
1,0,0,4,8,0.0182803, 13903,27546
0,0,1,4,8,0.00395989, 289,5166
1,0,1,4,8,0.0184121, 13903,27546
0,0,2,4,8,0.00395703, 289,5166
1,0,2,4,8,0.0183468, 13903,27546
0,0,3,4,8,0.00394201, 289,5166
1,0,3,4,8,0.0183158, 13903,27546
0,0,4,4,8,0.00394893, 289,5166
1,0,4,4,8,0.0183656, 13903,27546
0,0,5,4,8,0.00398731, 289,5166
1,0,5,4,8,0.0183578, 13903,27546
0,0,6,4,8,0.00393558, 289,5166
1,0,6,4,8,0.0182848, 13903,27546
0,0,7,4,8,0.00400186, 289,5166
1,0,7,4,8,0.0183408, 13903,27546
0,0,8,4,8,0.00398707, 289,5166
1,0,8,4,8,0.0182602, 13903,27546
0,0,9,4,8,0.00398874, 289,5166
1,0,9,4,8,0.0182617, 13903,27546
0,1,0,4,8,0.00417614, 335,5728
1,1,0,4,8,0.0178816, 13474,27368
0,1,1,4,8,0.00419021, 335,5728
1,1,1,4,8,0.0180573, 13474,27368
0,1,2,4,8,0.00418901, 335,5728
1,1,2,4,8,0.017756, 13474,27368
0,1,3,4,8,0.00410867, 335,5728
1,1,3,4,8,0.0178108, 13474,27368
0,1,4,4,8,0.00411582, 335,5728
1,1,4,4,8,0.0177572, 13474,27368
0,1,5,4,8,0.00410748, 335,5728
1,1,5,4,8,0.0178506, 13474,27368
0,1,6,4,8,0.00418067, 335,5728
1,1,6,4,8,0.017885, 13474,27368
0,1,7,4,8,0.00418901, 335,5728
1,1,7,4,8,0.0177882, 13474,27368
0,1,8,4,8,0.00416136, 335,5728
1,1,8,4,8,0.0178256, 13474,27368
0,1,9,4,8,0.00416517, 335,5728
1,1,9,4,8,0.0177884, 13474,27368
0,0,0,4,9,0.004287, 476,6436
1,0,0,4,9,0.0211742, 17333,32062
0,0,1,4,9,0.00432611, 476,6436
1,0,1,4,9,0.0212338, 17333,32062
0,0,2,4,9,0.00431609, 476,6436
1,0,2,4,9,0.021199, 17333,32062
0,0,3,4,9,0.0043304, 476,6436
1,0,3,4,9,0.0211227, 17333,32062
0,0,4,4,9,0.00436902, 476,6436
1,0,4,4,9,0.0211678, 17333,32062
0,0,5,4,9,0.00438023, 476,6436
1,0,5,4,9,0.0211647, 17333,32062
0,0,6,4,9,0.00435996, 476,6436
1,0,6,4,9,0.0211387, 17333,32062
0,0,7,4,9,0.00437522, 476,6436
1,0,7,4,9,0.0211601, 17333,32062
0,0,8,4,9,0.00437665, 476,6436
1,0,8,4,9,0.0211263, 17333,32062
0,0,9,4,9,0.00437427, 476,6436
1,0,9,4,9,0.0216174, 17333,32062
0,1,0,4,9,0.00459933, 569,7070
1,1,0,4,9,0.0231991, 19748,33268
0,1,1,4,9,0.00460935, 569,7070
1,1,1,4,9,0.0231512, 19748,33268
0,1,2,4,9,0.00452542, 569,7070
1,1,2,4,9,0.0230844, 19748,33268
0,1,3,4,9,0.00455594, 569,7070
1,1,3,4,9,0.0234628, 19748,33268
0,1,4,4,9,0.00463009, 569,7070
1,1,4,4,9,0.023211, 19748,33268
0,1,5,4,9,0.00456595, 569,7070
1,1,5,4,9,0.0231476, 19748,33268
0,1,6,4,9,0.00454903, 569,7070
1,1,6,4,9,0.0232193, 19748,33268
0,1,7,4,9,0.00454259, 569,7070
1,1,7,4,9,0.0231044, 19748,33268
0,1,8,4,9,0.0045948, 569,7070
1,1,8,4,9,0.0231771, 19748,33268
0,1,9,4,9,0.00452971, 569,7070
1,1,9,4,9,0.0232615, 19748,33268
0,0,0,4,10,0.0047729, 687,7968
1,0,0,4,10,0.0310502, 27837,39650
0,0,1,4,10,0.00492144, 687,7968
1,0,1,4,10,0.0309207, 27837,39650
0,0,2,4,10,0.00475526, 687,7968
1,0,2,4,10,0.0309272, 27837,39650
0,0,3,4,10,0.00477695, 687,7968
1,0,3,4,10,0.0309324, 27837,39650
0,0,4,4,10,0.00474238, 687,7968
1,0,4,4,10,0.0307224, 27837,39650
0,0,5,4,10,0.00481009, 687,7968
1,0,5,4,10,0.0308254, 27837,39650
0,0,6,4,10,0.00474906, 687,7968
1,0,6,4,10,0.0308805, 27837,39650
0,0,7,4,10,0.00477004, 687,7968
1,0,7,4,10,0.0308542, 27837,39650
0,0,8,4,10,0.00479412, 687,7968
1,0,8,4,10,0.030889, 27837,39650
0,0,9,4,10,0.0047965, 687,7968
1,0,9,4,10,0.0309117, 27837,39650
0,1,0,4,10,0.00508809, 815,8738
1,1,0,4,10,0.0298917, 27066,39668
0,1,1,4,10,0.00513506, 815,8738
1,1,1,4,10,0.0299399, 27066,39668
0,1,2,4,10,0.00509715, 815,8738
1,1,2,4,10,0.029861, 27066,39668
0,1,3,4,10,0.00507212, 815,8738
1,1,3,4,10,0.0299389, 27066,39668
0,1,4,4,10,0.00502539, 815,8738
1,1,4,4,10,0.0299132, 27066,39668
0,1,5,4,10,0.00503922, 815,8738
1,1,5,4,10,0.0298417, 27066,39668
0,1,6,4,10,0.00501823, 815,8738
1,1,6,4,10,0.0298173, 27066,39668
0,1,7,4,10,0.00511003, 815,8738
1,1,7,4,10,0.0299361, 27066,39668
0,1,8,4,10,0.0050323, 815,8738
1,1,8,4,10,0.0298464, 27066,39668
0,1,9,4,10,0.00503755, 815,8738
1,1,9,4,10,0.0306618, 27066,39668
0,0,0,5,2,0.00255609, 1,256| 704
1,0,0,5,2,0.00511122, 246,2186| 12938
0,0,1,5,2,0.00257158, 1,256| 704
1,0,1,5,2,0.00520301, 246,2186| 12938
0,0,2,5,2,0.00260997, 1,256| 704
1,0,2,5,2,0.00511026, 246,2186| 12938
0,0,3,5,2,0.00263214, 1,256| 704
1,0,3,5,2,0.00508547, 246,2186| 12938
0,0,4,5,2,0.00256228, 1,256| 704
1,0,4,5,2,0.00510001, 246,2186| 12938
0,0,5,5,2,0.00257897, 1,256| 704
1,0,5,5,2,0.00513721, 246,2186| 12938
0,0,6,5,2,0.00263166, 1,256| 704
1,0,6,5,2,0.00515008, 246,2186| 12938
0,0,7,5,2,0.00262642, 1,256| 704
1,0,7,5,2,0.00517559, 246,2186| 12938
0,0,8,5,2,0.00264406, 1,256| 704
1,0,8,5,2,0.00508904, 246,2186| 12938
0,0,9,5,2,0.00257206, 1,256| 704
1,0,9,5,2,0.00509858, 246,2186| 12938
0,1,0,5,2,0.00270009, 6,390| 1256
1,1,0,5,2,0.00530601, 291,2310| 13812
0,1,1,5,2,0.0027988, 6,390| 1256
1,1,1,5,2,0.00529337, 291,2310| 13812
0,1,2,5,2,0.00276661, 6,390| 1256
1,1,2,5,2,0.0052526, 291,2310| 13812
0,1,3,5,2,0.0027101, 6,390| 1256
1,1,3,5,2,0.00526905, 291,2310| 13812
0,1,4,5,2,0.00280857, 6,390| 1256
1,1,4,5,2,0.00533867, 291,2310| 13812
0,1,5,5,2,0.00279951, 6,390| 1256
1,1,5,5,2,0.00523734, 291,2310| 13812
0,1,6,5,2,0.00270224, 6,390| 1256
1,1,6,5,2,0.00526166, 291,2310| 13812
0,1,7,5,2,0.00275803, 6,390| 1256
1,1,7,5,2,0.00530887, 291,2310| 13812
0,1,8,5,2,0.00274825, 6,390| 1256
1,1,8,5,2,0.00537801, 291,2310| 13812
0,1,9,5,2,0.00268888, 6,390| 1256
1,1,9,5,2,0.00529408, 291,2310| 13812
0,0,0,5,3,0.00291443, 9,632| 2218
1,0,0,5,3,0.0132327, 2783,5646| 49556
0,0,1,5,3,0.00297141, 9,632| 2218
1,0,1,5,3,0.0134423, 2783,5646| 49556
0,0,2,5,3,0.00295496, 9,632| 2218
1,0,2,5,3,0.0130756, 2783,5646| 49556
0,0,3,5,3,0.00302601, 9,632| 2218
1,0,3,5,3,0.0130901, 2783,5646| 49556
0,0,4,5,3,0.00295424, 9,632| 2218
1,0,4,5,3,0.0131536, 2783,5646| 49556
0,0,5,5,3,0.00292778, 9,632| 2218
1,0,5,5,3,0.0130501, 2783,5646| 49556
0,0,6,5,3,0.00295329, 9,632| 2218
1,0,6,5,3,0.0135496, 2783,5646| 49556
0,0,7,5,3,0.00295591, 9,632| 2218
1,0,7,5,3,0.0130987, 2783,5646| 49556
0,0,8,5,3,0.00291657, 9,632| 2218
1,0,8,5,3,0.013068, 2783,5646| 49556
0,0,9,5,3,0.00294781, 9,632| 2218
1,0,9,5,3,0.0130944, 2783,5646| 49556
0,1,0,5,3,0.00328398, 21,890| 3436
1,1,0,5,3,0.0122054, 2565,5220| 45580
0,1,1,5,3,0.00322843, 21,890| 3436
1,1,1,5,3,0.0122859, 2565,5220| 45580
0,1,2,5,3,0.00328636, 21,890| 3436
1,1,2,5,3,0.0122924, 2565,5220| 45580
0,1,3,5,3,0.00325847, 21,890| 3436
1,1,3,5,3,0.0122139, 2565,5220| 45580
0,1,4,5,3,0.00327206, 21,890| 3436
1,1,4,5,3,0.0121822, 2565,5220| 45580
0,1,5,5,3,0.00328636, 21,890| 3436
1,1,5,5,3,0.0121994, 2565,5220| 45580
0,1,6,5,3,0.0032413, 21,890| 3436
1,1,6,5,3,0.0122604, 2565,5220| 45580
0,1,7,5,3,0.003268, 21,890| 3436
1,1,7,5,3,0.0120919, 2565,5220| 45580
0,1,8,5,3,0.00329328, 21,890| 3436
1,1,8,5,3,0.0121725, 2565,5220| 45580
0,1,9,5,3,0.00331926, 21,890| 3436
1,1,9,5,3,0.0121624, 2565,5220| 45580
0,0,0,5,4,0.00360608, 42,1236| 5384
1,0,0,5,4,0.0239573, 8246,8178| 85868
0,0,1,5,4,0.00370455, 42,1236| 5384
1,0,1,5,4,0.0230644, 8246,8178| 85868
0,0,2,5,4,0.00369954, 42,1236| 5384
1,0,2,5,4,0.0231221, 8246,8178| 85868
0,0,3,5,4,0.00366902, 42,1236| 5384
1,0,3,5,4,0.0231488, 8246,8178| 85868
0,0,4,5,4,0.00366759, 42,1236| 5384
1,0,4,5,4,0.0230036, 8246,8178| 85868
0,0,5,5,4,0.00370812, 42,1236| 5384
1,0,5,5,4,0.0230341, 8246,8178| 85868
0,0,6,5,4,0.00366855, 42,1236| 5384
1,0,6,5,4,0.0234811, 8246,8178| 85868
0,0,7,5,4,0.00366926, 42,1236| 5384
1,0,7,5,4,0.0230124, 8246,8178| 85868
0,0,8,5,4,0.00365877, 42,1236| 5384
1,0,8,5,4,0.0230348, 8246,8178| 85868
0,0,9,5,4,0.00371099, 42,1236| 5384
1,0,9,5,4,0.0231276, 8246,8178| 85868
0,1,0,5,4,0.00411773, 88,1564| 7580
1,1,0,5,4,0.0244555, 8842,8426| 90250
0,1,1,5,4,0.0041225, 88,1564| 7580
1,1,1,5,4,0.0244315, 8842,8426| 90250
0,1,2,5,4,0.00411558, 88,1564| 7580
1,1,2,5,4,0.0244024, 8842,8426| 90250
0,1,3,5,4,0.00419354, 88,1564| 7580
1,1,3,5,4,0.0244646, 8842,8426| 90250
0,1,4,5,4,0.00416994, 88,1564| 7580
1,1,4,5,4,0.0245438, 8842,8426| 90250
0,1,5,5,4,0.00423765, 88,1564| 7580
1,1,5,5,4,0.0245044, 8842,8426| 90250
0,1,6,5,4,0.0041728, 88,1564| 7580
1,1,6,5,4,0.0244279, 8842,8426| 90250
0,1,7,5,4,0.00420332, 88,1564| 7580
1,1,7,5,4,0.0244091, 8842,8426| 90250
0,1,8,5,4,0.00412536, 88,1564| 7580
1,1,8,5,4,0.0244875, 8842,8426| 90250
0,1,9,5,4,0.00413156, 88,1564| 7580
1,1,9,5,4,0.0244648, 8842,8426| 90250
0,0,0,5,5,0.00466728, 130,2024| 10542
1,0,0,5,5,0.0452342, 20969,11744| 146046
0,0,1,5,5,0.00473356, 130,2024| 10542
1,0,1,5,5,0.0452366, 20969,11744| 146046
0,0,2,5,5,0.00474834, 130,2024| 10542
1,0,2,5,5,0.0462728, 20969,11744| 146046
0,0,3,5,5,0.00480795, 130,2024| 10542
1,0,3,5,5,0.0448794, 20969,11744| 146046
0,0,4,5,5,0.00476265, 130,2024| 10542
1,0,4,5,5,0.0449512, 20969,11744| 146046
0,0,5,5,5,0.00476289, 130,2024| 10542
1,0,5,5,5,0.0448232, 20969,11744| 146046
0,0,6,5,5,0.00474167, 130,2024| 10542
1,0,6,5,5,0.0449371, 20969,11744| 146046
0,0,7,5,5,0.00473738, 130,2024| 10542
1,0,7,5,5,0.0449402, 20969,11744| 146046
0,0,8,5,5,0.00476336, 130,2024| 10542
1,0,8,5,5,0.0449438, 20969,11744| 146046
0,0,9,5,5,0.00473523, 130,2024| 10542
1,0,9,5,5,0.0448833, 20969,11744| 146046
0,1,0,5,5,0.00526738, 217,2392| 13410
1,1,0,5,5,0.0555062, 26890,12294| 161114
0,1,1,5,5,0.00543833, 217,2392| 13410
1,1,1,5,5,0.0555291, 26890,12294| 161114
0,1,2,5,5,0.00535679, 217,2392| 13410
1,1,2,5,5,0.055259, 26890,12294| 161114
0,1,3,5,5,0.00539684, 217,2392| 13410
1,1,3,5,5,0.0556378, 26890,12294| 161114
0,1,4,5,5,0.00533915, 217,2392| 13410
1,1,4,5,5,0.0552936, 26890,12294| 161114
0,1,5,5,5,0.0053339, 217,2392| 13410
1,1,5,5,5,0.055244, 26890,12294| 161114
0,1,6,5,5,0.00532913, 217,2392| 13410
1,1,6,5,5,0.055213, 26890,12294| 161114
0,1,7,5,5,0.00528455, 217,2392| 13410
1,1,7,5,5,0.0553331, 26890,12294| 161114
0,1,8,5,5,0.00533962, 217,2392| 13410
1,1,8,5,5,0.055274, 26890,12294| 161114
0,1,9,5,5,0.00533724, 217,2392| 13410
1,1,9,5,5,0.0560067, 26890,12294| 161114
0,0,0,5,6,0.00627685, 340,2850| 17028
1,0,0,5,6,0.100653, 53178,16454| 245836
0,0,1,5,6,0.00641036, 340,2850| 17028
1,0,1,5,6,0.0984402, 53178,16454| 245836
0,0,2,5,6,0.00647688, 340,2850| 17028
1,0,2,5,6,0.0988722, 53178,16454| 245836
0,0,3,5,6,0.00638437, 340,2850| 17028
1,0,3,5,6,0.0982649, 53178,16454| 245836
0,0,4,5,6,0.00641537, 340,2850| 17028
1,0,4,5,6,0.0981021, 53178,16454| 245836
0,0,5,5,6,0.00639105, 340,2850| 17028
1,0,5,5,6,0.0979695, 53178,16454| 245836
0,0,6,5,6,0.00639439, 340,2850| 17028
1,0,6,5,6,0.0984414, 53178,16454| 245836
0,0,7,5,6,0.00632977, 340,2850| 17028
1,0,7,5,6,0.0982361, 53178,16454| 245836
0,0,8,5,6,0.00645065, 340,2850| 17028
1,0,8,5,6,0.0983503, 53178,16454| 245836
0,0,9,5,6,0.00638032, 340,2850| 17028
1,0,9,5,6,0.0981951, 53178,16454| 245836
0,1,0,5,6,0.00721121, 491,3306| 21178
1,1,0,5,6,0.094383, 49447,16104| 236442
0,1,1,5,6,0.00718236, 491,3306| 21178
1,1,1,5,6,0.0943511, 49447,16104| 236442
0,1,2,5,6,0.00717878, 491,3306| 21178
1,1,2,5,6,0.0943182, 49447,16104| 236442
0,1,3,5,6,0.00715971, 491,3306| 21178
1,1,3,5,6,0.0947032, 49447,16104| 236442
0,1,4,5,6,0.00718641, 491,3306| 21178
1,1,4,5,6,0.0945108, 49447,16104| 236442
0,1,5,5,6,0.0071907, 491,3306| 21178
1,1,5,5,6,0.0944467, 49447,16104| 236442
0,1,6,5,6,0.0071795, 491,3306| 21178
1,1,6,5,6,0.0942836, 49447,16104| 236442
0,1,7,5,6,0.00718617, 491,3306| 21178
1,1,7,5,6,0.0943301, 49447,16104| 236442
0,1,8,5,6,0.0070231, 491,3306| 21178
1,1,8,5,6,0.0941913, 49447,16104| 236442
0,1,9,5,6,0.00710487, 491,3306| 21178
1,1,9,5,6,0.0941284, 49447,16104| 236442
0,0,0,5,7,0.0077498, 648,3756| 25190
1,0,0,5,7,0.174758, 97132,21076| 350468
0,0,1,5,7,0.00793862, 648,3756| 25190
1,0,1,5,7,0.176956, 97132,21076| 350468
0,0,2,5,7,0.00797105, 648,3756| 25190
1,0,2,5,7,0.174781, 97132,21076| 350468
0,0,3,5,7,0.00797224, 648,3756| 25190
1,0,3,5,7,0.175198, 97132,21076| 350468
0,0,4,5,7,0.00799465, 648,3756| 25190
1,0,4,5,7,0.173862, 97132,21076| 350468
0,0,5,5,7,0.00802422, 648,3756| 25190
1,0,5,5,7,0.176349, 97132,21076| 350468
0,0,6,5,7,0.0080235, 648,3756| 25190
1,0,6,5,7,0.176012, 97132,21076| 350468
0,0,7,5,7,0.00804067, 648,3756| 25190
1,0,7,5,7,0.177675, 97132,21076| 350468
0,0,8,5,7,0.00798798, 648,3756| 25190
1,0,8,5,7,0.174161, 97132,21076| 350468
0,0,9,5,7,0.00814319, 648,3756| 25190
1,0,9,5,7,0.174556, 97132,21076| 350468
0,1,0,5,7,0.00930262, 989,4428| 32148
1,1,0,5,7,0.173352, 98867,21142| 353326
0,1,1,5,7,0.00940585, 989,4428| 32148
1,1,1,5,7,0.172983, 98867,21142| 353326
0,1,2,5,7,0.00943851, 989,4428| 32148
1,1,2,5,7,0.173944, 98867,21142| 353326
0,1,3,5,7,0.00930929, 989,4428| 32148
1,1,3,5,7,0.173429, 98867,21142| 353326
0,1,4,5,7,0.00932097, 989,4428| 32148
1,1,4,5,7,0.173109, 98867,21142| 353326
0,1,5,5,7,0.00931215, 989,4428| 32148
1,1,5,5,7,0.173469, 98867,21142| 353326
0,1,6,5,7,0.00937223, 989,4428| 32148
1,1,6,5,7,0.172755, 98867,21142| 353326
0,1,7,5,7,0.00923681, 989,4428| 32148
1,1,7,5,7,0.172851, 98867,21142| 353326
0,1,8,5,7,0.00924134, 989,4428| 32148
1,1,8,5,7,0.172714, 98867,21142| 353326
0,1,9,5,7,0.00923395, 989,4428| 32148
1,1,9,5,7,0.172474, 98867,21142| 353326
0,0,0,5,8,0.0108016, 1404,5166| 40122
1,0,0,5,8,0.334577, 187222,27546| 518032
0,0,1,5,8,0.0108001, 1404,5166| 40122
1,0,1,5,8,0.331208, 187222,27546| 518032
0,0,2,5,8,0.0107656, 1404,5166| 40122
1,0,2,5,8,0.329721, 187222,27546| 518032
0,0,3,5,8,0.0108216, 1404,5166| 40122
1,0,3,5,8,0.330846, 187222,27546| 518032
0,0,4,5,8,0.0107801, 1404,5166| 40122
1,0,4,5,8,0.330326, 187222,27546| 518032
0,0,5,5,8,0.0108175, 1404,5166| 40122
1,0,5,5,8,0.386255, 187222,27546| 518032
0,0,6,5,8,0.0107882, 1404,5166| 40122
1,0,6,5,8,0.338037, 187222,27546| 518032
0,0,7,5,8,0.0108063, 1404,5166| 40122
1,0,7,5,8,0.337074, 187222,27546| 518032
0,0,8,5,8,0.0108306, 1404,5166| 40122
1,0,8,5,8,0.336526, 187222,27546| 518032
0,0,9,5,8,0.0109389, 1404,5166| 40122
1,0,9,5,8,0.336281, 187222,27546| 518032
0,1,0,5,8,0.0121274, 1883,5728| 46510
1,1,0,5,8,0.327415, 183567,27368| 512808
0,1,1,5,8,0.01213, 1883,5728| 46510
1,1,1,5,8,0.322417, 183567,27368| 512808
0,1,2,5,8,0.0122573, 1883,5728| 46510
1,1,2,5,8,0.320104, 183567,27368| 512808
0,1,3,5,8,0.0121748, 1883,5728| 46510
1,1,3,5,8,0.316482, 183567,27368| 512808
0,1,4,5,8,0.0122385, 1883,5728| 46510
1,1,4,5,8,0.315942, 183567,27368| 512808
0,1,5,5,8,0.0122547, 1883,5728| 46510
1,1,5,5,8,0.317296, 183567,27368| 512808
0,1,6,5,8,0.0122313, 1883,5728| 46510
1,1,6,5,8,0.319917, 183567,27368| 512808
0,1,7,5,8,0.0122118, 1883,5728| 46510
1,1,7,5,8,0.31515, 183567,27368| 512808
0,1,8,5,8,0.0120411, 1883,5728| 46510
1,1,8,5,8,0.315745, 183567,27368| 512808
0,1,9,5,8,0.0122294, 1883,5728| 46510
1,1,9,5,8,0.316126, 183567,27368| 512808
0,0,0,5,9,0.0147159, 2750,6436| 55484
1,0,0,5,9,0.47572, 254611,32062| 639832
0,0,1,5,9,0.0140929, 2750,6436| 55484
1,0,1,5,9,0.470737, 254611,32062| 639832
0,0,2,5,9,0.0140986, 2750,6436| 55484
1,0,2,5,9,0.47741, 254611,32062| 639832
0,0,3,5,9,0.0141151, 2750,6436| 55484
1,0,3,5,9,0.469845, 254611,32062| 639832
0,0,4,5,9,0.0140064, 2750,6436| 55484
1,0,4,5,9,0.478255, 254611,32062| 639832
0,0,5,5,9,0.014061, 2750,6436| 55484
1,0,5,5,9,0.469776, 254611,32062| 639832
0,0,6,5,9,0.0140214, 2750,6436| 55484
1,0,6,5,9,0.474613, 254611,32062| 639832
0,0,7,5,9,0.014163, 2750,6436| 55484
1,0,7,5,9,0.471099, 254611,32062| 639832
0,0,8,5,9,0.0140514, 2750,6436| 55484
1,0,8,5,9,0.479987, 254611,32062| 639832
0,0,9,5,9,0.0140629, 2750,6436| 55484
1,0,9,5,9,0.471145, 254611,32062| 639832
0,1,0,5,9,0.0158734, 3528,7070| 63766
1,1,0,5,9,0.566258, 294012,33268| 679356
0,1,1,5,9,0.0158651, 3528,7070| 63766
1,1,1,5,9,0.566475, 294012,33268| 679356
0,1,2,5,9,0.015902, 3528,7070| 63766
1,1,2,5,9,0.567294, 294012,33268| 679356
0,1,3,5,9,0.0158184, 3528,7070| 63766
1,1,3,5,9,0.562293, 294012,33268| 679356
0,1,4,5,9,0.0158782, 3528,7070| 63766
1,1,4,5,9,0.552221, 294012,33268| 679356
0,1,5,5,9,0.0158856, 3528,7070| 63766
1,1,5,5,9,0.56228, 294012,33268| 679356
0,1,6,5,9,0.0158436, 3528,7070| 63766
1,1,6,5,9,0.551151, 294012,33268| 679356
0,1,7,5,9,0.0159047, 3528,7070| 63766
1,1,7,5,9,0.554574, 294012,33268| 679356
0,1,8,5,9,0.0158296, 3528,7070| 63766
1,1,8,5,9,0.558765, 294012,33268| 679356
0,1,9,5,9,0.0158834, 3528,7070| 63766
1,1,9,5,9,0.56683, 294012,33268| 679356
0,0,0,5,10,0.0199337, 4634,7968| 75764
1,0,0,5,10,0.977063, 453065,39650| 880980
0,0,1,5,10,0.0184493, 4634,7968| 75764
1,0,1,5,10,0.971372, 453065,39650| 880980
0,0,2,5,10,0.0183113, 4634,7968| 75764
1,0,2,5,10,0.964163, 453065,39650| 880980
0,0,3,5,10,0.0183778, 4634,7968| 75764
1,0,3,5,10,0.969731, 453065,39650| 880980
0,0,4,5,10,0.0186112, 4634,7968| 75764
1,0,4,5,10,0.964917, 453065,39650| 880980
0,0,5,5,10,0.0185413, 4634,7968| 75764
1,0,5,5,10,0.960561, 453065,39650| 880980
0,0,6,5,10,0.0183229, 4634,7968| 75764
1,0,6,5,10,0.958774, 453065,39650| 880980
0,0,7,5,10,0.018414, 4634,7968| 75764
1,0,7,5,10,0.964771, 453065,39650| 880980
0,0,8,5,10,0.0184054, 4634,7968| 75764
1,0,8,5,10,0.961837, 453065,39650| 880980
0,0,9,5,10,0.0182531, 4634,7968| 75764
1,0,9,5,10,0.969542, 453065,39650| 880980
0,1,0,5,10,0.0207984, 5719,8738| 86442
1,1,0,5,10,0.91315, 441502,39668| 876632
0,1,1,5,10,0.0208898, 5719,8738| 86442
1,1,1,5,10,0.925652, 441502,39668| 876632
0,1,2,5,10,0.0208457, 5719,8738| 86442
1,1,2,5,10,0.917448, 441502,39668| 876632
0,1,3,5,10,0.0209534, 5719,8738| 86442
1,1,3,5,10,0.918757, 441502,39668| 876632
0,1,4,5,10,0.0208461, 5719,8738| 86442
1,1,4,5,10,0.918703, 441502,39668| 876632
0,1,5,5,10,0.0208106, 5719,8738| 86442
1,1,5,5,10,0.923278, 441502,39668| 876632
0,1,6,5,10,0.0208085, 5719,8738| 86442
1,1,6,5,10,0.924496, 441502,39668| 876632
0,1,7,5,10,0.0208728, 5719,8738| 86442
1,1,7,5,10,0.917734, 441502,39668| 876632
0,1,8,5,10,0.0207269, 5719,8738| 86442
1,1,8,5,10,0.915292, 441502,39668| 876632
0,1,9,5,10,0.0208545, 5719,8738| 86442
1,1,9,5,10,0.927159, 441502,39668| 876632
0,0,0,6,2,0.00251508, 2,448
1,0,0,6,2,0.00594687, 790,10752
0,0,1,6,2,0.00252342, 2,448
1,0,1,6,2,0.00585485, 790,10752
0,0,2,6,2,0.00264359, 2,448
1,0,2,6,2,0.00597668, 790,10752
0,0,3,6,2,0.00259566, 2,448
1,0,3,6,2,0.00584126, 790,10752
0,0,4,6,2,0.00252008, 2,448
1,0,4,6,2,0.00593877, 790,10752
0,0,5,6,2,0.00261211, 2,448
1,0,5,6,2,0.00593829, 790,10752
0,0,6,6,2,0.00252581, 2,448
1,0,6,6,2,0.0058291, 790,10752
0,0,7,6,2,0.00262427, 2,448
1,0,7,6,2,0.00623322, 790,10752
0,0,8,6,2,0.00251484, 2,448
1,0,8,6,2,0.0058341, 790,10752
0,0,9,6,2,0.00256181, 2,448
1,0,9,6,2,0.00597286, 790,10752
0,1,0,6,2,0.00273061, 16,866
1,1,0,6,2,0.00619102, 960,11502
0,1,1,6,2,0.00270581, 16,866
1,1,1,6,2,0.00620341, 960,11502
0,1,2,6,2,0.00265384, 16,866
1,1,2,6,2,0.00631261, 960,11502
0,1,3,6,2,0.00276399, 16,866
1,1,3,6,2,0.00617599, 960,11502
0,1,4,6,2,0.00264406, 16,866
1,1,4,6,2,0.00616837, 960,11502
0,1,5,6,2,0.00279903, 16,866
1,1,5,6,2,0.00620604, 960,11502
0,1,6,6,2,0.00264382, 16,866
1,1,6,6,2,0.00700021, 960,11502
0,1,7,6,2,0.00265527, 16,866
1,1,7,6,2,0.00617218, 960,11502
0,1,8,6,2,0.00274205, 16,866
1,1,8,6,2,0.00636935, 960,11502
0,1,9,6,2,0.00266004, 16,866
1,1,9,6,2,0.00627589, 960,11502
0,0,0,6,3,0.0028491, 25,1586
1,0,0,6,3,0.0327091, 15572,43910
0,0,1,6,3,0.0029242, 25,1586
1,0,1,6,3,0.0322225, 15572,43910
0,0,2,6,3,0.00288916, 25,1586
1,0,2,6,3,0.032402, 15572,43910
0,0,3,6,3,0.00291705, 25,1586
1,0,3,6,3,0.0324275, 15572,43910
0,0,4,6,3,0.00288129, 25,1586
1,0,4,6,3,0.0322542, 15572,43910
0,0,5,6,3,0.00289226, 25,1586
1,0,5,6,3,0.0322318, 15572,43910
0,0,6,6,3,0.00288486, 25,1586
1,0,6,6,3,0.0322502, 15572,43910
0,0,7,6,3,0.00292325, 25,1586
1,0,7,6,3,0.0322459, 15572,43910
0,0,8,6,3,0.00294447, 25,1586
1,0,8,6,3,0.032232, 15572,43910
0,0,9,6,3,0.00293779, 25,1586
1,0,9,6,3,0.0322356, 15572,43910
0,1,0,6,3,0.00325489, 46,2546
1,1,0,6,3,0.0290918, 13767,40360
0,1,1,6,3,0.00321102, 46,2546
1,1,1,6,3,0.0291398, 13767,40360
0,1,2,6,3,0.00325847, 46,2546
1,1,2,6,3,0.0304685, 13767,40360
0,1,3,6,3,0.00327253, 46,2546
1,1,3,6,3,0.0293155, 13767,40360
0,1,4,6,3,0.00321913, 46,2546
1,1,4,6,3,0.0292706, 13767,40360
0,1,5,6,3,0.0031538, 46,2546
1,1,5,6,3,0.0292413, 13767,40360
0,1,6,6,3,0.0032866, 46,2546
1,1,6,6,3,0.0291419, 13767,40360
0,1,7,6,3,0.00319433, 46,2546
1,1,7,6,3,0.029089, 13767,40360
0,1,8,6,3,0.00324178, 46,2546
1,1,8,6,3,0.0290978, 13767,40360
0,1,9,6,3,0.00322294, 46,2546
1,1,9,6,3,0.0291071, 13767,40360
0,0,0,6,4,0.00355101, 109,4148
1,0,0,6,4,0.0993392, 60395,77690
0,0,1,6,4,0.00360632, 109,4148
1,0,1,6,4,0.0983799, 60395,77690
0,0,2,6,4,0.00363374, 109,4148
1,0,2,6,4,0.0985353, 60395,77690
0,0,3,6,4,0.00363636, 109,4148
1,0,3,6,4,0.0984607, 60395,77690
0,0,4,6,4,0.00362444, 109,4148
1,0,4,6,4,0.0983715, 60395,77690
0,0,5,6,4,0.00363255, 109,4148
1,0,5,6,4,0.0986383, 60395,77690
0,0,6,6,4,0.00364065, 109,4148
1,0,6,6,4,0.0987585, 60395,77690
0,0,7,6,4,0.00368047, 109,4148
1,0,7,6,4,0.098717, 60395,77690
0,0,8,6,4,0.00367403, 109,4148
1,0,8,6,4,0.0987453, 60395,77690
0,0,9,6,4,0.00365114, 109,4148
1,0,9,6,4,0.0985446, 60395,77690
0,1,0,6,4,0.00429463, 272,6016
1,1,0,6,4,0.10439, 63315,81824
0,1,1,6,4,0.00435901, 272,6016
1,1,1,6,4,0.104437, 63315,81824
0,1,2,6,4,0.00433922, 272,6016
1,1,2,6,4,0.1045, 63315,81824
0,1,3,6,4,0.00430655, 272,6016
1,1,3,6,4,0.10435, 63315,81824
0,1,4,6,4,0.00429368, 272,6016
1,1,4,6,4,0.104329, 63315,81824
0,1,5,6,4,0.00428843, 272,6016
1,1,5,6,4,0.104548, 63315,81824
0,1,6,6,4,0.00429177, 272,6016
1,1,6,6,4,0.105131, 63315,81824
0,1,7,6,4,0.00431252, 272,6016
1,1,7,6,4,0.105143, 63315,81824
0,1,8,6,4,0.00428319, 272,6016
1,1,8,6,4,0.104707, 63315,81824
0,1,9,6,4,0.00429487, 272,6016
1,1,9,6,4,0.104402, 63315,81824
0,0,0,6,5,0.00507069, 467,8518
1,0,0,6,5,0.311674, 184438,134302
0,0,1,6,5,0.00517011, 467,8518
1,0,1,6,5,0.305663, 184438,134302
0,0,2,6,5,0.00520682, 467,8518
1,0,2,6,5,0.305413, 184438,134302
0,0,3,6,5,0.00519872, 467,8518
1,0,3,6,5,0.305394, 184438,134302
0,0,4,6,5,0.00520277, 467,8518
1,0,4,6,5,0.306717, 184438,134302
0,0,5,6,5,0.0051806, 467,8518
1,0,5,6,5,0.306803, 184438,134302
0,0,6,6,5,0.00514817, 467,8518
1,0,6,6,5,0.306324, 184438,134302
0,0,7,6,5,0.00516319, 467,8518
1,0,7,6,5,0.307099, 184438,134302
0,0,8,6,5,0.0051682, 467,8518
1,0,8,6,5,0.30536, 184438,134302
0,0,9,6,5,0.00513649, 467,8518
1,0,9,6,5,0.305589, 184438,134302
0,1,0,6,5,0.00611949, 822,11018
1,1,0,6,5,0.428243, 240702,148820
0,1,1,6,5,0.00609446, 822,11018
1,1,1,6,5,0.427913, 240702,148820
0,1,2,6,5,0.00611854, 822,11018
1,1,2,6,5,0.427926, 240702,148820
0,1,3,6,5,0.00616574, 822,11018
1,1,3,6,5,0.428913, 240702,148820
0,1,4,6,5,0.00609922, 822,11018
1,1,4,6,5,0.428368, 240702,148820
0,1,5,6,5,0.00611305, 822,11018
1,1,5,6,5,0.428984, 240702,148820
0,1,6,6,5,0.00611567, 822,11018
1,1,6,6,5,0.429947, 240702,148820
0,1,7,6,5,0.00610685, 822,11018
1,1,7,6,5,0.428702, 240702,148820
0,1,8,6,5,0.00618458, 822,11018
1,1,8,6,5,0.429383, 240702,148820
0,1,9,6,5,0.006145, 822,11018
1,1,9,6,5,0.428729, 240702,148820
0,0,0,6,6,0.00758195, 1343,14178
1,0,0,6,6,1.39074, 566256,229382
0,0,1,6,6,0.00788474, 1343,14178
1,0,1,6,6,1.39678, 566256,229382
0,0,2,6,6,0.00778341, 1343,14178
1,0,2,6,6,1.39832, 566256,229382
0,0,3,6,6,0.00779366, 1343,14178
1,0,3,6,6,1.39969, 566256,229382
0,0,4,6,6,0.00779223, 1343,14178
1,0,4,6,6,1.39659, 566256,229382
0,0,5,6,6,0.00787592, 1343,14178
1,0,5,6,6,1.38282, 566256,229382
0,0,6,6,6,0.00779891, 1343,14178
1,0,6,6,6,1.39654, 566256,229382
0,0,7,6,6,0.00777292, 1343,14178
1,0,7,6,6,1.39988, 566256,229382
0,0,8,6,6,0.00778651, 1343,14178
1,0,8,6,6,1.39249, 566256,229382
0,0,9,6,6,0.00785518, 1343,14178
1,0,9,6,6,1.39354, 566256,229382
0,1,0,6,6,0.00953531, 2133,17872
1,1,0,6,6,1.23543, 519139,220338
0,1,1,6,6,0.00968647, 2133,17872
1,1,1,6,6,1.2351, 519139,220338
0,1,2,6,6,0.00965023, 2133,17872
1,1,2,6,6,1.23489, 519139,220338
0,1,3,6,6,0.00963426, 2133,17872
1,1,3,6,6,1.23252, 519139,220338
0,1,4,6,6,0.0096004, 2133,17872
1,1,4,6,6,1.24635, 519139,220338
0,1,5,6,6,0.00935531, 2133,17872
1,1,5,6,6,1.23506, 519139,220338
0,1,6,6,6,0.009588, 2133,17872
1,1,6,6,6,1.22849, 519139,220338
0,1,7,6,6,0.00952101, 2133,17872
1,1,7,6,6,1.23384, 519139,220338
0,1,8,6,6,0.00961924, 2133,17872
1,1,8,6,6,1.23899, 519139,220338
0,1,9,6,6,0.00951171, 2133,17872
1,1,9,6,6,1.23547, 519139,220338
0,0,0,6,7,0.0112844, 3039,21434
1,0,0,6,7,3.14734, 1172875,329392
0,0,1,6,7,0.011188, 3039,21434
1,0,1,6,7,3.16212, 1172875,329392
0,0,2,6,7,0.0112288, 3039,21434
1,0,2,6,7,3.13365, 1172875,329392
0,0,3,6,7,0.0117557, 3039,21434
1,0,3,6,7,3.12989, 1172875,329392
0,0,4,6,7,0.0112476, 3039,21434
1,0,4,6,7,3.1308, 1172875,329392
0,0,5,6,7,0.0115707, 3039,21434
1,0,5,6,7,3.13302, 1172875,329392
0,0,6,6,7,0.0112514, 3039,21434
1,0,6,6,7,3.15951, 1172875,329392
0,0,7,6,7,0.0115805, 3039,21434
1,0,7,6,7,3.13254, 1172875,329392
0,0,8,6,7,0.0115273, 3039,21434
1,0,8,6,7,3.13017, 1172875,329392
0,0,9,6,7,0.0111959, 3039,21434
1,0,9,6,7,3.13343, 1172875,329392
0,1,0,6,7,0.0158551, 5171,27720
1,1,0,6,7,3.43527, 1193845,332184
0,1,1,6,7,0.0150316, 5171,27720
1,1,1,6,7,3.43453, 1193845,332184
0,1,2,6,7,0.0150146, 5171,27720
1,1,2,6,7,3.46589, 1193845,332184
0,1,3,6,7,0.0149956, 5171,27720
1,1,3,6,7,3.44279, 1193845,332184
0,1,4,6,7,0.0150516, 5171,27720
1,1,4,6,7,3.44144, 1193845,332184
0,1,5,6,7,0.0149155, 5171,27720
1,1,5,6,7,3.43618, 1193845,332184
0,1,6,6,7,0.0151618, 5171,27720
1,1,6,6,7,3.46455, 1193845,332184
0,1,7,6,7,0.0149887, 5171,27720
1,1,7,6,7,3.65816, 1193845,332184
0,1,8,6,7,0.0149717, 5171,27720
1,1,8,6,7,3.45094, 1193845,332184
0,1,9,6,7,0.0150669, 5171,27720
1,1,9,6,7,3.49342, 1193845,332184
0,0,0,6,8,0.0209849, 8262,34956
1,0,0,6,8,7.8489, 2576521,490486
0,0,1,6,8,0.0201809, 8262,34956
1,0,1,6,8,7.80803, 2576521,490486
0,0,2,6,8,0.0200512, 8262,34956
1,0,2,6,8,7.80147, 2576521,490486
0,0,3,6,8,0.0199113, 8262,34956
1,0,3,6,8,7.79031, 2576521,490486
0,0,4,6,8,0.0200627, 8262,34956
1,0,4,6,8,7.7977, 2576521,490486
0,0,5,6,8,0.019876, 8262,34956
1,0,5,6,8,7.80725, 2576521,490486
0,0,6,6,8,0.020036, 8262,34956
1,0,6,6,8,7.79179, 2576521,490486
0,0,7,6,8,0.0199265, 8262,34956
1,0,7,6,8,7.83756, 2576521,490486
0,0,8,6,8,0.0200131, 8262,34956
1,0,8,6,8,7.839, 2576521,490486
0,0,9,6,8,0.0200167, 8262,34956
1,0,9,6,8,7.79311, 2576521,490486
0,1,0,6,8,0.0258813, 11350,40782
1,1,0,6,8,7.63995, 2523168,485440
0,1,1,6,8,0.026053, 11350,40782
1,1,1,6,8,7.63199, 2523168,485440
0,1,2,6,8,0.026341, 11350,40782
1,1,2,6,8,7.61094, 2523168,485440
0,1,3,6,8,0.0254617, 11350,40782
1,1,3,6,8,7.59629, 2523168,485440
0,1,4,6,8,0.0261166, 11350,40782
1,1,4,6,8,7.62621, 2523168,485440
0,1,5,6,8,0.025496, 11350,40782
1,1,5,6,8,7.64201, 2523168,485440
0,1,6,6,8,0.0253179, 11350,40782
1,1,6,6,8,7.59361, 2523168,485440
0,1,7,6,8,0.0264299, 11350,40782
1,1,7,6,8,7.60798, 2523168,485440
0,1,8,6,8,0.0259695, 11350,40782
1,1,8,6,8,7.60155, 2523168,485440
0,1,9,6,8,0.0263417, 11350,40782
1,1,9,6,8,7.58752, 2523168,485440
0,0,0,6,9,0.0356395, 16868,49048
1,0,0,6,9,12.0096, 3784989,607770
0,0,1,6,9,0.0342128, 16868,49048
1,0,1,6,9,12.0187, 3784989,607770
0,0,2,6,9,0.0349762, 16868,49048
1,0,2,6,9,12.0153, 3784989,607770
0,0,3,6,9,0.0352848, 16868,49048
1,0,3,6,9,12.0752, 3784989,607770
0,0,4,6,9,0.0354512, 16868,49048
1,0,4,6,9,12.0715, 3784989,607770
0,0,5,6,9,0.0349503, 16868,49048
1,0,5,6,9,12.0505, 3784989,607770
0,0,6,6,9,0.0341599, 16868,49048
1,0,6,6,9,12.0242, 3784989,607770
0,0,7,6,9,0.0342271, 16868,49048
1,0,7,6,9,12.0103, 3784989,607770
0,0,8,6,9,0.0351038, 16868,49048
1,0,8,6,9,12.0343, 3784989,607770
0,0,9,6,9,0.034106, 16868,49048
1,0,9,6,9,12.0559, 3784989,607770
0,1,0,6,9,0.0459564, 23371,56696
1,1,0,6,9,14.8182, 4453937,646088
0,1,1,6,9,0.0440774, 23371,56696
1,1,1,6,9,14.8268, 4453937,646088
0,1,2,6,9,0.0450082, 23371,56696
1,1,2,6,9,14.7994, 4453937,646088
0,1,3,6,9,0.0446508, 23371,56696
1,1,3,6,9,14.8241, 4453937,646088
0,1,4,6,9,0.0458319, 23371,56696
1,1,4,6,9,14.8506, 4453937,646088
0,1,5,6,9,0.0439959, 23371,56696
1,1,5,6,9,14.785, 4453937,646088
0,1,6,6,9,0.0440245, 23371,56696
1,1,6,6,9,14.7904, 4453937,646088
0,1,7,6,9,0.044071, 23371,56696
1,1,7,6,9,14.7678, 4453937,646088
0,1,8,6,9,0.0456321, 23371,56696
1,1,8,6,9,14.793, 4453937,646088
0,1,9,6,9,0.0442016, 23371,56696
1,1,9,6,9,14.8209, 4453937,646088
0,0,0,6,10,0.0594194, 32462,67796
1,0,0,6,10,25.9235, 7501866,841330
0,0,1,6,10,0.0586545, 32462,67796
1,0,1,6,10,25.8708, 7501866,841330
0,0,2,6,10,0.0564511, 32462,67796
1,0,2,6,10,25.7963, 7501866,841330
0,0,3,6,10,0.0565994, 32462,67796
1,0,3,6,10,25.8736, 7501866,841330
0,0,4,6,10,0.0581234, 32462,67796
1,0,4,6,10,25.9685, 7501866,841330
0,0,5,6,10,0.0581853, 32462,67796
1,0,5,6,10,25.8852, 7501866,841330
0,0,6,6,10,0.0593925, 32462,67796
1,0,6,6,10,25.8953, 7501866,841330
0,0,7,6,10,0.0597303, 32462,67796
1,0,7,6,10,25.7827, 7501866,841330
0,0,8,6,10,0.0591085, 32462,67796
1,0,8,6,10,25.9925, 7501866,841330
0,0,9,6,10,0.0594473, 32462,67796
1,0,9,6,10,25.9199, 7501866,841330
0,1,0,6,10,0.0778694, 42893,77704
1,1,0,6,10,26.5447, 7323755,836964
0,1,1,6,10,0.0769928, 42893,77704
1,1,1,6,10,26.5052, 7323755,836964
0,1,2,6,10,0.0738986, 42893,77704
1,1,2,6,10,26.5068, 7323755,836964
0,1,3,6,10,0.0728245, 42893,77704
1,1,3,6,10,26.5294, 7323755,836964
0,1,4,6,10,0.0772815, 42893,77704
1,1,4,6,10,26.4911, 7323755,836964
0,1,5,6,10,0.0727842, 42893,77704
1,1,5,6,10,26.5968, 7323755,836964
0,1,6,6,10,0.075731, 42893,77704
1,1,6,6,10,26.4693, 7323755,836964
0,1,7,6,10,0.0733397, 42893,77704
1,1,7,6,10,26.4829, 7323755,836964
0,1,8,6,10,0.0731151, 42893,77704
1,1,8,6,10,26.5199, 7323755,836964
0,1,9,6,10,0.0727825, 42893,77704
1,1,9,6,10,26.5912, 7323755,836964
0,0,0,7,2,0.00314713, 9,448| 1236
1,0,0,7,2,0.0181973, 2396,10752| 58804
0,0,1,7,2,0.0028429, 9,448| 1236
1,0,1,7,2,0.0165186, 2396,10752| 58804
0,0,2,7,2,0.00277495, 9,448| 1236
1,0,2,7,2,0.0164075, 2396,10752| 58804
0,0,3,7,2,0.00278258, 9,448| 1236
1,0,3,7,2,0.0165892, 2396,10752| 58804
0,0,4,7,2,0.0028224, 9,448| 1236
1,0,4,7,2,0.0165613, 2396,10752| 58804
0,0,5,7,2,0.00284886, 9,448| 1236
1,0,5,7,2,0.016515, 2396,10752| 58804
0,0,6,7,2,0.00277686, 9,448| 1236
1,0,6,7,2,0.0165467, 2396,10752| 58804
0,0,7,7,2,0.0028069, 9,448| 1236
1,0,7,7,2,0.0165396, 2396,10752| 58804
0,0,8,7,2,0.00288129, 9,448| 1236
1,0,8,7,2,0.0165467, 2396,10752| 58804
0,0,9,7,2,0.00280571, 9,448| 1236
1,0,9,7,2,0.0164642, 2396,10752| 58804
0,1,0,7,2,0.00359869, 20,866| 2740
1,1,0,7,2,0.0189693, 3087,11502| 65804
0,1,1,7,2,0.00318503, 20,866| 2740
1,1,1,7,2,0.0186253, 3087,11502| 65804
0,1,2,7,2,0.00317359, 20,866| 2740
1,1,2,7,2,0.0184536, 3087,11502| 65804
0,1,3,7,2,0.00311852, 20,866| 2740
1,1,3,7,2,0.018615, 3087,11502| 65804
0,1,4,7,2,0.0031426, 20,866| 2740
1,1,4,7,2,0.0185182, 3087,11502| 65804
0,1,5,7,2,0.00317311, 20,866| 2740
1,1,5,7,2,0.0185497, 3087,11502| 65804
0,1,6,7,2,0.00322819, 20,866| 2740
1,1,6,7,2,0.0186608, 3087,11502| 65804
0,1,7,7,2,0.00317097, 20,866| 2740
1,1,7,7,2,0.0184696, 3087,11502| 65804
0,1,8,7,2,0.00312209, 20,866| 2740
1,1,8,7,2,0.0185089, 3087,11502| 65804
0,1,9,7,2,0.0031774, 20,866| 2740
1,1,9,7,2,0.0184364, 3087,11502| 65804
0,0,0,7,3,0.00490236, 37,1586| 5478
1,0,0,7,3,0.238827, 83863,43910| 365406
0,0,1,7,3,0.00385451, 37,1586| 5478
1,0,1,7,3,0.233818, 83863,43910| 365406
0,0,2,7,3,0.00384355, 37,1586| 5478
1,0,2,7,3,0.233754, 83863,43910| 365406
0,0,3,7,3,0.00388885, 37,1586| 5478
1,0,3,7,3,0.233015, 83863,43910| 365406
0,0,4,7,3,0.00385642, 37,1586| 5478
1,0,4,7,3,0.233402, 83863,43910| 365406
0,0,5,7,3,0.00381255, 37,1586| 5478
1,0,5,7,3,0.232885, 83863,43910| 365406
0,0,6,7,3,0.00380874, 37,1586| 5478
1,0,6,7,3,0.233456, 83863,43910| 365406
0,0,7,7,3,0.00379777, 37,1586| 5478
1,0,7,7,3,0.237542, 83863,43910| 365406
0,0,8,7,3,0.00383043, 37,1586| 5478
1,0,8,7,3,0.232345, 83863,43910| 365406
0,0,9,7,3,0.00383019, 37,1586| 5478
1,0,9,7,3,0.233349, 83863,43910| 365406
0,1,0,7,3,0.00570154, 127,2546| 9816
1,1,0,7,3,0.200774, 74434,40360| 329980
0,1,1,7,3,0.0049088, 127,2546| 9816
1,1,1,7,3,0.27867, 74434,40360| 329980
0,1,2,7,3,0.00491309, 127,2546| 9816
1,1,2,7,3,0.204087, 74434,40360| 329980
0,1,3,7,3,0.00494576, 127,2546| 9816
1,1,3,7,3,0.20162, 74434,40360| 329980
0,1,4,7,3,0.00494838, 127,2546| 9816
1,1,4,7,3,0.199769, 74434,40360| 329980
0,1,5,7,3,0.0048821, 127,2546| 9816
1,1,5,7,3,0.202503, 74434,40360| 329980
0,1,6,7,3,0.00488544, 127,2546| 9816
1,1,6,7,3,0.199123, 74434,40360| 329980
0,1,7,7,3,0.00487828, 127,2546| 9816
1,1,7,7,3,0.199019, 74434,40360| 329980
0,1,8,7,3,0.00490856, 127,2546| 9816
1,1,8,7,3,0.199539, 74434,40360| 329980
0,1,9,7,3,0.00488949, 127,2546| 9816
1,1,9,7,3,0.199525, 74434,40360| 329980
0,0,0,7,4,0.00761867, 281,4148| 17804
1,0,0,7,4,1.50737, 439120,77690| 795342
0,0,1,7,4,0.00660133, 281,4148| 17804
1,0,1,7,4,1.49096, 439120,77690| 795342
0,0,2,7,4,0.00659871, 281,4148| 17804
1,0,2,7,4,1.50111, 439120,77690| 795342
0,0,3,7,4,0.00662804, 281,4148| 17804
1,0,3,7,4,1.49238, 439120,77690| 795342
0,0,4,7,4,0.00653648, 281,4148| 17804
1,0,4,7,4,1.55921, 439120,77690| 795342
0,0,5,7,4,0.00653553, 281,4148| 17804
1,0,5,7,4,1.5048, 439120,77690| 795342
0,0,6,7,4,0.00653434, 281,4148| 17804
1,0,6,7,4,1.4986, 439120,77690| 795342
0,0,7,7,4,0.00658202, 281,4148| 17804
1,0,7,7,4,1.49254, 439120,77690| 795342
0,0,8,7,4,0.00658226, 281,4148| 17804
1,0,8,7,4,1.49121, 439120,77690| 795342
0,0,9,7,4,0.0066123, 281,4148| 17804
1,0,9,7,4,1.50178, 439120,77690| 795342
0,1,0,7,4,0.00950003, 841,6016| 28874
1,1,0,7,4,1.59506, 449287,81824| 844274
0,1,1,7,4,0.00901151, 841,6016| 28874
1,1,1,7,4,1.53353, 449287,81824| 844274
0,1,2,7,4,0.00902724, 841,6016| 28874
1,1,2,7,4,1.52595, 449287,81824| 844274
0,1,3,7,4,0.00908422, 841,6016| 28874
1,1,3,7,4,1.52913, 449287,81824| 844274
0,1,4,7,4,0.00894499, 841,6016| 28874
1,1,4,7,4,1.51483, 449287,81824| 844274
0,1,5,7,4,0.00894403, 841,6016| 28874
1,1,5,7,4,1.53297, 449287,81824| 844274
0,1,6,7,4,0.00898719, 841,6016| 28874
1,1,6,7,4,1.52289, 449287,81824| 844274
0,1,7,7,4,0.00889373, 841,6016| 28874
1,1,7,7,4,1.57513, 449287,81824| 844274
0,1,8,7,4,0.0089488, 841,6016| 28874
1,1,8,7,4,1.52939, 449287,81824| 844274
0,1,9,7,4,0.00892997, 841,6016| 28874
1,1,9,7,4,1.52708, 449287,81824| 844274
0,0,0,7,5,0.0141191, 1639,8518| 43960
1,0,0,7,5,8.60127, 1641764,134302| 1634638
0,0,1,7,5,0.0150032, 1639,8518| 43960
1,0,1,7,5,8.61493, 1641764,134302| 1634638
0,0,2,7,5,0.0140176, 1639,8518| 43960
1,0,2,7,5,8.5546, 1641764,134302| 1634638
0,0,3,7,5,0.0139263, 1639,8518| 43960
1,0,3,7,5,8.67091, 1641764,134302| 1634638
0,0,4,7,5,0.01441, 1639,8518| 43960
1,0,4,7,5,8.75718, 1641764,134302| 1634638
0,0,5,7,5,0.0131481, 1639,8518| 43960
1,0,5,7,5,8.60693, 1641764,134302| 1634638
0,0,6,7,5,0.0140622, 1639,8518| 43960
1,0,6,7,5,8.57298, 1641764,134302| 1634638
0,0,7,7,5,0.0141342, 1639,8518| 43960
1,0,7,7,5,8.56597, 1641764,134302| 1634638
0,0,8,7,5,0.0131485, 1639,8518| 43960
1,0,8,7,5,8.56283, 1641764,134302| 1634638
0,0,9,7,5,0.0138943, 1639,8518| 43960
1,0,9,7,5,8.57939, 1641764,134302| 1634638
0,1,0,7,5,0.019877, 3245,11018| 61358
1,1,0,7,5,11.3457, 2144533,148820| 1886576
0,1,1,7,5,0.0179441, 3245,11018| 61358
1,1,1,7,5,11.3946, 2144533,148820| 1886576
0,1,2,7,5,0.0193629, 3245,11018| 61358
1,1,2,7,5,11.3476, 2144533,148820| 1886576
0,1,3,7,5,0.0192053, 3245,11018| 61358
1,1,3,7,5,11.3593, 2144533,148820| 1886576
0,1,4,7,5,0.0180883, 3245,11018| 61358
1,1,4,7,5,11.4182, 2144533,148820| 1886576
0,1,5,7,5,0.0181551, 3245,11018| 61358
1,1,5,7,5,11.352, 2144533,148820| 1886576
0,1,6,7,5,0.0179014, 3245,11018| 61358
1,1,6,7,5,11.3517, 2144533,148820| 1886576
0,1,7,7,5,0.0189703, 3245,11018| 61358
1,1,7,7,5,11.3506, 2144533,148820| 1886576
0,1,8,7,5,0.0180981, 3245,11018| 61358
1,1,8,7,5,11.3657, 2144533,148820| 1886576
0,1,9,7,5,0.0180275, 3245,11018| 61358
1,1,9,7,5,11.3392, 2144533,148820| 1886576
0,0,0,7,6,0.0273132, 5608,14178| 84394
1,0,0,7,6,35.252, 6017290,229382| 3316982
0,0,1,7,6,0.0276825, 5608,14178| 84394
1,0,1,7,6,35.2195, 6017290,229382| 3316982
0,0,2,7,6,0.0249307, 5608,14178| 84394
1,0,2,7,6,35.1903, 6017290,229382| 3316982
0,0,3,7,6,0.0250194, 5608,14178| 84394
1,0,3,7,6,35.2289, 6017290,229382| 3316982
0,0,4,7,6,0.0252252, 5608,14178| 84394
1,0,4,7,6,35.2167, 6017290,229382| 3316982
0,0,5,7,6,0.0272303, 5608,14178| 84394
1,0,5,7,6,35.2725, 6017290,229382| 3316982
0,0,6,7,6,0.0273867, 5608,14178| 84394
1,0,6,7,6,35.2224, 6017290,229382| 3316982
0,0,7,7,6,0.0250535, 5608,14178| 84394
1,0,7,7,6,35.229, 6017290,229382| 3316982
0,0,8,7,6,0.025075, 5608,14178| 84394
1,0,8,7,6,35.2457, 6017290,229382| 3316982
0,0,9,7,6,0.0271981, 5608,14178| 84394
1,0,9,7,6,35.262, 6017290,229382| 3316982
0,1,0,7,6,0.0369587, 9900,17872| 113784
1,1,0,7,6,30.5156, 5454026,220338| 3149020
0,1,1,7,6,0.0362859, 9900,17872| 113784
1,1,1,7,6,30.4877, 5454026,220338| 3149020
0,1,2,7,6,0.0382841, 9900,17872| 113784
1,1,2,7,6,30.5319, 5454026,220338| 3149020
0,1,3,7,6,0.0382278, 9900,17872| 113784
1,1,3,7,6,30.5422, 5454026,220338| 3149020
0,1,4,7,6,0.036166, 9900,17872| 113784
1,1,4,7,6,30.5612, 5454026,220338| 3149020
0,1,5,7,6,0.0362692, 9900,17872| 113784
1,1,5,7,6,30.5818, 5454026,220338| 3149020
0,1,6,7,6,0.036288, 9900,17872| 113784
1,1,6,7,6,30.5678, 5454026,220338| 3149020
0,1,7,7,6,0.036165, 9900,17872| 113784
1,1,7,7,6,30.5409, 5454026,220338| 3149020
0,1,8,7,6,0.0361133, 9900,17872| 113784
1,1,8,7,6,30.5156, 5454026,220338| 3149020
0,1,9,7,6,0.036202, 9900,17872| 113784
1,1,9,7,6,30.5365, 5454026,220338| 3149020
0,0,0,7,7,0.0515497, 14196,21434| 142664
1,0,0,7,7,82.5322, 14153643,329392| 5346246
0,0,1,7,7,0.0495074, 14196,21434| 142664
1,0,1,7,7,82.5005, 14153643,329392| 5346246
0,0,2,7,7,0.0484715, 14196,21434| 142664
1,0,2,7,7,82.5108, 14153643,329392| 5346246
0,0,3,7,7,0.0497117, 14196,21434| 142664
1,0,3,7,7,85.736, 14153643,329392| 5346246
0,0,4,7,7,0.0487113, 14196,21434| 142664
1,0,4,7,7,82.4967, 14153643,329392| 5346246
0,0,5,7,7,0.0499225, 14196,21434| 142664
1,0,5,7,7,82.6126, 14153643,329392| 5346246
0,0,6,7,7,0.0485609, 14196,21434| 142664
1,0,6,7,7,82.5338, 14153643,329392| 5346246
0,0,7,7,7,0.0498593, 14196,21434| 142664
1,0,7,7,7,82.5053, 14153643,329392| 5346246
0,0,8,7,7,0.048511, 14196,21434| 142664
1,0,8,7,7,82.5221, 14153643,329392| 5346246
0,0,9,7,7,0.0495105, 14196,21434| 142664
1,0,9,7,7,82.4876, 14153643,329392| 5346246
0,1,0,7,7,0.0824816, 27257,27720| 199680
1,1,0,7,7,83.7949, 14451257,332184| 5402138
0,1,1,7,7,0.0837791, 27257,27720| 199680
1,1,1,7,7,83.6826, 14451257,332184| 5402138
0,1,2,7,7,0.081902, 27257,27720| 199680
1,1,2,7,7,83.7354, 14451257,332184| 5402138
0,1,3,7,7,0.0833738, 27257,27720| 199680
1,1,3,7,7,83.725, 14451257,332184| 5402138
0,1,4,7,7,0.0817702, 27257,27720| 199680
1,1,4,7,7,83.6634, 14451257,332184| 5402138
0,1,5,7,7,0.0825729, 27257,27720| 199680
1,1,5,7,7,83.6434, 14451257,332184| 5402138
0,1,6,7,7,0.0813696, 27257,27720| 199680
1,1,6,7,7,83.7671, 14451257,332184| 5402138
0,1,7,7,7,0.0830207, 27257,27720| 199680
1,1,7,7,7,83.7018, 14451257,332184| 5402138
0,1,8,7,7,0.0822163, 27257,27720| 199680
1,1,8,7,7,83.9679, 14451257,332184| 5402138
0,1,9,7,7,0.0829992, 27257,27720| 199680
1,1,9,7,7,83.6293, 14451257,332184| 5402138
0,0,0,7,8,0.136796, 46484,34956| 269114
1,0,0,7,8,216.701, 35380276,490486| 8993244
0,0,1,7,8,0.132141, 46484,34956| 269114
1,0,1,7,8,216.489, 35380276,490486| 8993244
0,0,2,7,8,0.130792, 46484,34956| 269114
1,0,2,7,8,216.543, 35380276,490486| 8993244
0,0,3,7,8,0.131049, 46484,34956| 269114
1,0,3,7,8,216.316, 35380276,490486| 8993244
0,0,4,7,8,0.131144, 46484,34956| 269114
1,0,4,7,8,216.875, 35380276,490486| 8993244
0,0,5,7,8,0.13219, 46484,34956| 269114
1,0,5,7,8,216.458, 35380276,490486| 8993244
0,0,6,7,8,0.131169, 46484,34956| 269114
1,0,6,7,8,216.62, 35380276,490486| 8993244
0,0,7,7,8,0.130696, 46484,34956| 269114
1,0,7,7,8,216.732, 35380276,490486| 8993244
0,0,8,7,8,0.131249, 46484,34956| 269114
1,0,8,7,8,216.636, 35380276,490486| 8993244
0,0,9,7,8,0.130674, 46484,34956| 269114
1,0,9,7,8,216.411, 35380276,490486| 8993244
0,1,0,7,8,0.176272, 66485,40782| 328470
1,1,0,7,8,219.21, 34805642,485440| 8875936
0,1,1,7,8,0.177762, 66485,40782| 328470
1,1,1,7,8,219.073, 34805642,485440| 8875936
0,1,2,7,8,0.181087, 66485,40782| 328470
1,1,2,7,8,219.163, 34805642,485440| 8875936
0,1,3,7,8,0.177387, 66485,40782| 328470
1,1,3,7,8,219.275, 34805642,485440| 8875936
0,1,4,7,8,0.17918, 66485,40782| 328470
1,1,4,7,8,219.345, 34805642,485440| 8875936
0,1,5,7,8,0.176755, 66485,40782| 328470
1,1,5,7,8,219.458, 34805642,485440| 8875936
0,1,6,7,8,0.177799, 66485,40782| 328470
1,1,6,7,8,219.058, 34805642,485440| 8875936
0,1,7,7,8,0.175556, 66485,40782| 328470
1,1,7,7,8,219.364, 34805642,485440| 8875936
0,1,8,7,8,0.177784, 66485,40782| 328470
1,1,8,7,8,219.41, 34805642,485440| 8875936
0,1,9,7,8,0.176581, 66485,40782| 328470
1,1,9,7,8,219.189, 34805642,485440| 8875936
0,0,0,7,9,0.276639, 107138,49048| 419348
1,0,0,7,9,338.538, 56655260,607770| 11862182
0,0,1,7,9,0.273398, 107138,49048| 419348
1,0,1,7,9,338.95, 56655260,607770| 11862182
0,0,2,7,9,0.273231, 107138,49048| 419348
1,0,2,7,9,339.03, 56655260,607770| 11862182
0,0,3,7,9,0.272327, 107138,49048| 419348
1,0,3,7,9,338.875, 56655260,607770| 11862182
0,0,4,7,9,0.275818, 107138,49048| 419348
1,0,4,7,9,339.064, 56655260,607770| 11862182
0,0,5,7,9,0.273111, 107138,49048| 419348
1,0,5,7,9,338.613, 56655260,607770| 11862182
0,0,6,7,9,0.333733, 107138,49048| 419348
1,0,6,7,9,339.159, 56655260,607770| 11862182
0,0,7,7,9,0.273574, 107138,49048| 419348
1,0,7,7,9,339.173, 56655260,607770| 11862182
0,0,8,7,9,0.272535, 107138,49048| 419348
1,0,8,7,9,338.99, 56655260,607770| 11862182
0,0,9,7,9,0.272828, 107138,49048| 419348
1,0,9,7,9,339.919, 56655260,607770| 11862182
0,1,0,7,9,0.397309, 154359,56696| 507318
1,1,0,7,9,436.863, 67788252,646088| 12931726
0,1,1,7,9,0.402439, 154359,56696| 507318
1,1,1,7,9,437.491, 67788252,646088| 12931726
0,1,2,7,9,0.397624, 154359,56696| 507318
1,1,2,7,9,436.574, 67788252,646088| 12931726
0,1,3,7,9,0.397542, 154359,56696| 507318
1,1,3,7,9,437.401, 67788252,646088| 12931726
0,1,4,7,9,0.398491, 154359,56696| 507318
1,1,4,7,9,437.929, 67788252,646088| 12931726
0,1,5,7,9,0.399338, 154359,56696| 507318
1,1,5,7,9,438.335, 67788252,646088| 12931726
0,1,6,7,9,0.400627, 154359,56696| 507318
1,1,6,7,9,437.608, 67788252,646088| 12931726
0,1,7,7,9,0.509915, 154359,56696| 507318
1,1,7,7,9,437.927, 67788252,646088| 12931726
0,1,8,7,9,0.396154, 154359,56696| 507318
1,1,8,7,9,436.595, 67788252,646088| 12931726
0,1,9,7,9,0.398481, 154359,56696| 507318
1,1,9,7,9,437.606, 67788252,646088| 12931726
0,0,0,7,10,0.631453, 231405,67796| 639118
1,0,0,7,10,848.606, 124532033,841330| 18299608
0,0,1,7,10,0.637478, 231405,67796| 639118
1,0,1,7,10,848.107, 124532033,841330| 18299608
0,0,2,7,10,0.634863, 231405,67796| 639118
1,0,2,7,10,847.532, 124532033,841330| 18299608
0,0,3,7,10,0.634504, 231405,67796| 639118
1,0,3,7,10,847.489, 124532033,841330| 18299608
0,0,4,7,10,0.63921, 231405,67796| 639118
1,0,4,7,10,847.282, 124532033,841330| 18299608
0,0,5,7,10,0.63596, 231405,67796| 639118
1,0,5,7,10,847.659, 124532033,841330| 18299608
0,0,6,7,10,0.633905, 231405,67796| 639118
1,0,6,7,10,846.721, 124532033,841330| 18299608
0,0,7,7,10,0.634437, 231405,67796| 639118
1,0,7,7,10,846.615, 124532033,841330| 18299608
0,0,8,7,10,0.638733, 231405,67796| 639118
1,0,8,7,10,847.76, 124532033,841330| 18299608
0,0,9,7,10,0.639739, 231405,67796| 639118
1,0,9,7,10,848.973, 124532033,841330| 18299608
0,1,0,7,10,0.979894, 316401,77704| 762214
1,1,0,7,10,794.141, 122093648,836964| 18127754
0,1,1,7,10,0.980236, 316401,77704| 762214
1,1,1,7,10,795.833, 122093648,836964| 18127754
0,1,2,7,10,0.978568, 316401,77704| 762214
1,1,2,7,10,795.497, 122093648,836964| 18127754
0,1,3,7,10,1.16998, 316401,77704| 762214
1,1,3,7,10,795.095, 122093648,836964| 18127754
0,1,4,7,10,0.984558, 316401,77704| 762214
1,1,4,7,10,794.816, 122093648,836964| 18127754
0,1,5,7,10,0.978876, 316401,77704| 762214
1,1,5,7,10,796.51, 122093648,836964| 18127754
0,1,6,7,10,0.97977, 316401,77704| 762214
1,1,6,7,10,794.995, 122093648,836964| 18127754
0,1,7,7,10,0.982977, 316401,77704| 762214
1,1,7,7,10,795.735, 122093648,836964| 18127754
0,1,8,7,10,0.984587, 316401,77704| 762214
1,1,8,7,10,799.195, 122093648,836964| 18127754
0,1,9,7,10,0.976989, 316401,77704| 762214
1,1,9,7,10,795.455, 122093648,836964| 18127754
